### default_build_clean_j8: cargo build -j8
   Compiling proc-macro2 v1.0.107
   Compiling quote v1.0.47
   Compiling unicode-ident v1.0.24
   Compiling libc v0.2.189
   Compiling cfg-if v1.0.5
   Compiling find-msvc-tools v0.1.12
   Compiling shlex v2.0.1
   Compiling autocfg v1.5.1
   Compiling libm v0.2.16
   Compiling memchr v2.8.3
   Compiling version_check v0.9.5
   Compiling bytes v1.12.1
   Compiling zerocopy v0.8.57
   Compiling num-traits v0.2.19
   Compiling getrandom v0.3.4
   Compiling itoa v1.0.18
   Compiling once_cell v1.21.4
   Compiling serde_core v1.0.229
   Compiling pkg-config v0.3.34
   Compiling foldhash v0.2.0
   Compiling equivalent v1.0.2
   Compiling allocator-api2 v0.2.21
   Compiling syn v3.0.5
   Compiling syn v2.0.119
   Compiling zmij v1.0.23
   Compiling jobserver v0.1.35
   Compiling hashbrown v0.17.1
   Compiling cc v1.4.6
   Compiling serde_json v1.0.151
   Compiling iana-time-zone v0.1.65
   Compiling stable_deref_trait v1.2.1
   Compiling num-integer v0.1.47
   Compiling siphasher v1.0.3
   Compiling chrono v0.4.45
   Compiling indexmap v2.14.2
   Compiling phf_shared v0.12.1
   Compiling num-bigint v0.5.1
   Compiling ahash v0.8.12
   Compiling chrono-tz v0.10.4
   Compiling phf v0.12.1
   Compiling num-complex v0.4.6
   Compiling pin-project-lite v0.2.17
   Compiling smallvec v1.16.1
   Compiling writeable v0.6.4
   Compiling lexical-util v1.0.7
   Compiling zstd-sys v2.1.0+zstd.1.5.7
   Compiling futures-core v0.3.34
   Compiling litemap v0.8.3
   Compiling object v0.39.1
   Compiling futures-sink v0.3.34
   Compiling utf8_iter v1.0.4
   Compiling icu_properties_data v2.3.0
   Compiling synstructure v0.14.0
   Compiling arrow-schema v59.3.0
   Compiling icu_normalizer_data v2.3.0
   Compiling semver v1.0.28
   Compiling futures-channel v0.3.34
   Compiling rustc_version v0.4.1
   Compiling lexical-parse-integer v1.0.6
   Compiling lexical-write-integer v1.0.6
   Compiling crc32fast v1.5.2
   Compiling futures-io v0.3.34
   Compiling bitflags v2.13.2
   Compiling futures-task v0.3.34
   Compiling slab v0.4.12
   Compiling zstd-safe v7.3.0
   Compiling parking_lot_core v0.9.12
   Compiling zerocopy-derive v0.8.57
   Compiling lexical-write-float v1.0.6
   Compiling flatbuffers v25.12.19
   Compiling zerofrom-derive v0.1.8
   Compiling yoke-derive v0.8.3
   Compiling zerovec-derive v0.11.6
   Compiling displaydoc v0.2.7
   Compiling tokio-macros v2.7.2
   Compiling futures-macro v0.3.34
   Compiling lexical-parse-float v1.0.6
   Compiling aho-corasick v1.1.5
   Compiling zerofrom v0.1.8
   Compiling yoke v0.8.3
   Compiling unicode-segmentation v1.13.3
   Compiling zerovec v0.11.8
   Compiling zerotrie v0.2.5
   Compiling ar_archive_writer v0.5.3
   Compiling tokio v1.53.1
   Compiling futures-util v0.3.34
   Compiling regex-syntax v0.8.11
   Compiling tinystr v0.8.4
   Compiling icu_locale_core v2.3.0
   Compiling potential_utf v0.1.6
   Compiling icu_collections v2.3.0
   Compiling icu_provider v2.3.1
   Compiling psm v0.1.32
   Compiling icu_properties v2.3.0
   Compiling icu_normalizer v2.3.0
   Compiling ryu v1.0.23
   Compiling base64 v0.23.1
   Compiling simd-adler32 v0.3.10
   Compiling unicode-width v0.2.2
   Compiling half v2.7.1
   Compiling scopeguard v1.2.0
   Compiling adler2 v2.0.1
   Compiling lock_api v0.4.14
   Compiling comfy-table v7.2.2
   Compiling arrow-buffer v59.3.0
   Compiling miniz_oxide v0.9.1
   Compiling idna_adapter v1.2.2
   Compiling regex-automata v0.4.18
   Compiling lexical-core v1.0.6
   Compiling stacker v0.1.25
   Compiling atoi v2.0.0
   Compiling percent-encoding v2.3.2
   Compiling zlib-rs v0.6.8
   Compiling arrow-data v59.3.0
   Compiling alloc-no-stdlib v2.0.4
   Compiling getrandom v0.4.3
   Compiling thiserror v2.0.20
   Compiling twox-hash v2.1.4
   Compiling either v1.18.0
   Compiling lz4_flex v0.14.0
   Compiling alloc-stdlib v0.2.4
   Compiling form_urlencoded v1.2.2
   Compiling arrow-array v59.3.0
   Compiling idna v1.1.0
   Compiling futures-executor v0.3.34
   Compiling thiserror-impl v2.0.20
   Compiling regex v1.13.1
   Compiling tracing-attributes v0.1.31
   Compiling csv-core v0.1.13
   Compiling tracing-core v0.1.36
   Compiling same-file v1.0.6
   Compiling snap v1.1.2
   Compiling simdutf8 v0.1.5
   Compiling walkdir v2.5.0
   Compiling csv v1.4.0
   Compiling futures v0.3.34
   Compiling url v2.5.8
   Compiling tracing v0.1.44
   Compiling arrow-select v59.3.0
   Compiling brotli-decompressor v5.0.3
   Compiling flate2 v1.1.10
   Compiling itertools v0.14.0
   Compiling parking_lot v0.12.5
   Compiling async-trait v0.1.92
   Compiling recursive-proc-macro-impl v0.1.1
   Compiling http v1.5.0
   Compiling humantime v2.4.0
   Compiling log v0.4.34
   Compiling recursive v0.1.1
   Compiling brotli v8.0.4
   Compiling arrow-arith v59.3.0
   Compiling arrow-row v59.3.0
   Compiling zstd v0.13.3
   Compiling arrow-ord v59.3.0
   Compiling arrow-string v59.3.0
   Compiling arrow-ipc v59.3.0
   Compiling arrow-cast v59.3.0
   Compiling object_store v0.13.2
   Compiling sqlparser_derive v0.5.0
   Compiling seq-macro v0.3.6
   Compiling sqlparser v0.62.0
   Compiling uuid v1.26.1
   Compiling itertools v0.15.0
   Compiling arrow-csv v59.3.0
   Compiling arrow-json v59.3.0
   Compiling parquet v59.3.0
   Compiling arrow v59.3.0
   Compiling typenum v1.20.1
   Compiling pin-project-internal v1.1.13
   Compiling datafusion-doc v55.1.0
   Compiling generic-array v0.14.7
   Compiling hybrid-array v0.4.15
   Compiling rustix v1.1.4
   Compiling pin-project v1.1.13
   Compiling crossbeam-utils v0.8.23
   Compiling foldhash v0.1.5
   Compiling hashbrown v0.15.5
   Compiling ppv-lite86 v0.2.21
   Compiling rand_core v0.9.5
   Compiling linux-raw-sys v0.12.1
   Compiling fixedbitset v0.5.7
   Compiling rand_chacha v0.9.0
   Compiling crypto-common v0.2.2
   Compiling petgraph v0.8.3
   Compiling block-buffer v0.12.1
   Compiling tokio-util v0.7.19
   Compiling fastrand v2.5.0
   Compiling const-oid v0.10.2
   Compiling hashbrown v0.14.5
   Compiling digest v0.11.3
   Compiling rand v0.9.5
   Compiling dashmap v6.2.1
   Compiling tempfile v3.27.0
   Compiling block-buffer v0.10.4
   Compiling crypto-common v0.1.7
   Compiling datafusion-macros v55.1.0
   Compiling blake3 v1.8.7
   Compiling subtle v2.6.1
   Compiling cpufeatures v0.3.1
   Compiling digest v0.10.7
   Compiling arrayvec v0.7.8
   Compiling constant_time_eq v0.4.2
   Compiling blake2 v0.10.6
   Compiling sha2 v0.11.0
   Compiling md-5 v0.11.0
   Compiling hex v0.4.3
   Compiling liblzma-sys v0.4.9
   Compiling zstd-safe v8.0.0
   Compiling libbz2-rs-sys v0.2.5
   Compiling zstd v0.14.0
   Compiling bzip2 v0.6.1
   Compiling datafusion-common-runtime v55.1.0
   Compiling compression-core v0.4.33
   Compiling glob v0.3.4
   Compiling bigdecimal v0.4.10
   Compiling num-bigint v0.4.8
   Compiling tokio-stream v0.1.19
   Compiling datafusion-common v55.1.0
   Compiling liblzma v0.4.8
   Compiling compression-codecs v0.4.42
   Compiling async-compression v0.4.47
   Compiling datafusion-expr-common v55.1.0
   Compiling datafusion-physical-expr-common v55.1.0
   Compiling datafusion-functions-window-common v55.1.0
   Compiling datafusion-functions-aggregate-common v55.1.0
   Compiling datafusion-expr v55.1.0
   Compiling datafusion-physical-expr v55.1.0
   Compiling datafusion-execution v55.1.0
   Compiling datafusion-functions v55.1.0
   Compiling datafusion-functions-aggregate v55.1.0
   Compiling datafusion-optimizer v55.1.0
   Compiling datafusion-functions-window v55.1.0
   Compiling datafusion-physical-plan v55.1.0
   Compiling datafusion-physical-expr-adapter v55.1.0
   Compiling datafusion-functions-nested v55.1.0
   Compiling datafusion-sql v55.1.0
   Compiling datafusion-session v55.1.0
   Compiling datafusion-datasource v55.1.0
   Compiling datafusion-pruning v55.1.0
   Compiling datafusion-catalog v55.1.0
   Compiling datafusion-datasource-json v55.1.0
   Compiling datafusion-datasource-csv v55.1.0
   Compiling datafusion-datasource-arrow v55.1.0
   Compiling datafusion-physical-optimizer v55.1.0
   Compiling datafusion-datasource-parquet v55.1.0
   Compiling datafusion-catalog-listing v55.1.0
   Compiling datafusion-functions-table v55.1.0
   Compiling datafusion v55.0.0
   Compiling consumer_b v0.1.0 (/home/pepe/scratch/burrmill-footprint/B)
    Finished `dev` profile [unoptimized + debuginfo] target(s) in 2m 06s
### default_test_clean_j8: cargo test --no-run -j8
   Compiling proc-macro2 v1.0.107
   Compiling quote v1.0.47
   Compiling unicode-ident v1.0.24
   Compiling libc v0.2.189
   Compiling cfg-if v1.0.5
   Compiling find-msvc-tools v0.1.12
   Compiling shlex v2.0.1
   Compiling autocfg v1.5.1
   Compiling memchr v2.8.3
   Compiling libm v0.2.16
   Compiling version_check v0.9.5
   Compiling bytes v1.12.1
   Compiling zerocopy v0.8.57
   Compiling num-traits v0.2.19
   Compiling allocator-api2 v0.2.21
   Compiling serde_core v1.0.229
   Compiling once_cell v1.21.4
   Compiling itoa v1.0.18
   Compiling equivalent v1.0.2
   Compiling pkg-config v0.3.34
   Compiling foldhash v0.2.0
   Compiling getrandom v0.3.4
   Compiling syn v3.0.5
   Compiling syn v2.0.119
   Compiling hashbrown v0.17.1
   Compiling zmij v1.0.23
   Compiling jobserver v0.1.35
   Compiling cc v1.4.6
   Compiling serde_json v1.0.151
   Compiling iana-time-zone v0.1.65
   Compiling indexmap v2.14.2
   Compiling num-integer v0.1.47
   Compiling stable_deref_trait v1.2.1
   Compiling siphasher v1.0.3
   Compiling chrono v0.4.45
   Compiling phf_shared v0.12.1
   Compiling num-bigint v0.5.1
   Compiling ahash v0.8.12
   Compiling chrono-tz v0.10.4
   Compiling phf v0.12.1
   Compiling num-complex v0.4.6
   Compiling pin-project-lite v0.2.17
   Compiling writeable v0.6.4
   Compiling litemap v0.8.3
   Compiling smallvec v1.16.1
   Compiling futures-sink v0.3.34
   Compiling futures-core v0.3.34
   Compiling zstd-sys v2.1.0+zstd.1.5.7
   Compiling object v0.39.1
   Compiling lexical-util v1.0.7
   Compiling icu_properties_data v2.3.0
   Compiling icu_normalizer_data v2.3.0
   Compiling utf8_iter v1.0.4
   Compiling semver v1.0.28
   Compiling rustc_version v0.4.1
   Compiling lexical-write-integer v1.0.6
   Compiling arrow-schema v59.3.0
   Compiling lexical-parse-integer v1.0.6
   Compiling futures-channel v0.3.34
   Compiling bitflags v2.13.2
   Compiling synstructure v0.14.0
   Compiling futures-io v0.3.34
   Compiling parking_lot_core v0.9.12
   Compiling zstd-safe v7.3.0
   Compiling futures-task v0.3.34
   Compiling slab v0.4.12
   Compiling crc32fast v1.5.2
   Compiling zerocopy-derive v0.8.57
   Compiling lexical-parse-float v1.0.6
   Compiling lexical-write-float v1.0.6
   Compiling flatbuffers v25.12.19
   Compiling aho-corasick v1.1.5
   Compiling adler2 v2.0.1
   Compiling unicode-width v0.2.2
   Compiling ryu v1.0.23
   Compiling scopeguard v1.2.0
   Compiling regex-syntax v0.8.11
   Compiling unicode-segmentation v1.13.3
   Compiling zerofrom-derive v0.1.8
   Compiling yoke-derive v0.8.3
   Compiling zerovec-derive v0.11.6
   Compiling displaydoc v0.2.7
   Compiling tokio-macros v2.7.2
   Compiling zerofrom v0.1.8
   Compiling ar_archive_writer v0.5.3
   Compiling yoke v0.8.3
   Compiling futures-macro v0.3.34
   Compiling zerovec v0.11.8
   Compiling zerotrie v0.2.5
   Compiling tokio v1.53.1
   Compiling tinystr v0.8.4
   Compiling potential_utf v0.1.6
   Compiling futures-util v0.3.34
   Compiling icu_locale_core v2.3.0
   Compiling icu_collections v2.3.0
   Compiling psm v0.1.32
   Compiling base64 v0.23.1
   Compiling simd-adler32 v0.3.10
   Compiling icu_provider v2.3.1
   Compiling miniz_oxide v0.9.1
   Compiling icu_properties v2.3.0
   Compiling icu_normalizer v2.3.0
   Compiling half v2.7.1
   Compiling arrow-buffer v59.3.0
   Compiling regex-automata v0.4.18
   Compiling comfy-table v7.2.2
   Compiling lock_api v0.4.14
   Compiling idna_adapter v1.2.2
   Compiling lexical-core v1.0.6
   Compiling arrow-data v59.3.0
   Compiling stacker v0.1.25
   Compiling atoi v2.0.0
   Compiling zlib-rs v0.6.8
   Compiling thiserror v2.0.20
   Compiling percent-encoding v2.3.2
   Compiling getrandom v0.4.3
   Compiling twox-hash v2.1.4
   Compiling alloc-no-stdlib v2.0.4
   Compiling either v1.18.0
   Compiling alloc-stdlib v0.2.4
   Compiling lz4_flex v0.14.0
   Compiling arrow-array v59.3.0
   Compiling form_urlencoded v1.2.2
   Compiling regex v1.13.1
   Compiling futures-executor v0.3.34
   Compiling idna v1.1.0
   Compiling thiserror-impl v2.0.20
   Compiling tracing-attributes v0.1.31
   Compiling tracing-core v0.1.36
   Compiling csv-core v0.1.13
   Compiling same-file v1.0.6
   Compiling snap v1.1.2
   Compiling simdutf8 v0.1.5
   Compiling arrow-select v59.3.0
   Compiling walkdir v2.5.0
   Compiling csv v1.4.0
   Compiling tracing v0.1.44
   Compiling flate2 v1.1.10
   Compiling url v2.5.8
   Compiling futures v0.3.34
   Compiling itertools v0.14.0
   Compiling brotli-decompressor v5.0.3
   Compiling parking_lot v0.12.5
   Compiling async-trait v0.1.92
   Compiling recursive-proc-macro-impl v0.1.1
   Compiling http v1.5.0
   Compiling log v0.4.34
   Compiling humantime v2.4.0
   Compiling recursive v0.1.1
   Compiling brotli v8.0.4
   Compiling zstd v0.13.3
   Compiling arrow-arith v59.3.0
   Compiling arrow-row v59.3.0
   Compiling arrow-ord v59.3.0
   Compiling arrow-ipc v59.3.0
   Compiling arrow-string v59.3.0
   Compiling arrow-cast v59.3.0
   Compiling object_store v0.13.2
   Compiling sqlparser_derive v0.5.0
   Compiling seq-macro v0.3.6
   Compiling sqlparser v0.62.0
   Compiling uuid v1.26.1
   Compiling itertools v0.15.0
   Compiling arrow-json v59.3.0
   Compiling arrow-csv v59.3.0
   Compiling arrow v59.3.0
   Compiling parquet v59.3.0
   Compiling typenum v1.20.1
   Compiling pin-project-internal v1.1.13
   Compiling datafusion-doc v55.1.0
   Compiling generic-array v0.14.7
   Compiling hybrid-array v0.4.15
   Compiling crossbeam-utils v0.8.23
   Compiling foldhash v0.1.5
   Compiling rustix v1.1.4
   Compiling hashbrown v0.15.5
   Compiling pin-project v1.1.13
   Compiling ppv-lite86 v0.2.21
   Compiling rand_core v0.9.5
   Compiling fixedbitset v0.5.7
   Compiling linux-raw-sys v0.12.1
   Compiling petgraph v0.8.3
   Compiling rand_chacha v0.9.0
   Compiling block-buffer v0.12.1
   Compiling crypto-common v0.2.2
   Compiling tokio-util v0.7.19
   Compiling hashbrown v0.14.5
   Compiling const-oid v0.10.2
   Compiling fastrand v2.5.0
   Compiling digest v0.11.3
   Compiling dashmap v6.2.1
   Compiling tempfile v3.27.0
   Compiling rand v0.9.5
   Compiling block-buffer v0.10.4
   Compiling crypto-common v0.1.7
   Compiling datafusion-macros v55.1.0
   Compiling blake3 v1.8.7
   Compiling cpufeatures v0.3.1
   Compiling subtle v2.6.1
   Compiling constant_time_eq v0.4.2
   Compiling arrayvec v0.7.8
   Compiling digest v0.10.7
   Compiling sha2 v0.11.0
   Compiling md-5 v0.11.0
   Compiling hex v0.4.3
   Compiling blake2 v0.10.6
   Compiling liblzma-sys v0.4.9
   Compiling zstd-safe v8.0.0
   Compiling libbz2-rs-sys v0.2.5
   Compiling zstd v0.14.0
   Compiling datafusion-common-runtime v55.1.0
   Compiling compression-core v0.4.33
   Compiling glob v0.3.4
   Compiling bzip2 v0.6.1
   Compiling bigdecimal v0.4.10
   Compiling num-bigint v0.4.8
   Compiling tokio-stream v0.1.19
   Compiling datafusion-common v55.1.0
   Compiling liblzma v0.4.8
   Compiling compression-codecs v0.4.42
   Compiling async-compression v0.4.47
   Compiling datafusion-expr-common v55.1.0
   Compiling datafusion-physical-expr-common v55.1.0
   Compiling datafusion-functions-aggregate-common v55.1.0
   Compiling datafusion-functions-window-common v55.1.0
   Compiling datafusion-expr v55.1.0
   Compiling datafusion-physical-expr v55.1.0
   Compiling datafusion-execution v55.1.0
   Compiling datafusion-functions v55.1.0
   Compiling datafusion-functions-aggregate v55.1.0
   Compiling datafusion-optimizer v55.1.0
   Compiling datafusion-functions-window v55.1.0
   Compiling datafusion-physical-plan v55.1.0
   Compiling datafusion-physical-expr-adapter v55.1.0
   Compiling datafusion-functions-nested v55.1.0
   Compiling datafusion-sql v55.1.0
   Compiling datafusion-session v55.1.0
   Compiling datafusion-datasource v55.1.0
   Compiling datafusion-catalog v55.1.0
   Compiling datafusion-pruning v55.1.0
   Compiling datafusion-datasource-arrow v55.1.0
   Compiling datafusion-datasource-json v55.1.0
   Compiling datafusion-datasource-csv v55.1.0
   Compiling datafusion-physical-optimizer v55.1.0
   Compiling datafusion-datasource-parquet v55.1.0
   Compiling datafusion-catalog-listing v55.1.0
   Compiling datafusion-functions-table v55.1.0
   Compiling datafusion v55.0.0
   Compiling consumer_b v0.1.0 (/home/pepe/scratch/burrmill-footprint/B)
    Finished `test` profile [unoptimized + debuginfo] target(s) in 2m 15s
  Executable unittests src/lib.rs (target-default/debug/deps/consumer-487f6ecce943662f)
  Executable unittests src/main.rs (target-default/debug/deps/consumer_bin-1fa87637a901d17f)
  Executable tests/t01.rs (target-default/debug/deps/t01-595ed85ecccc2a24)
  Executable tests/t02.rs (target-default/debug/deps/t02-2126ec50626b4a3a)
  Executable tests/t03.rs (target-default/debug/deps/t03-63a71b7d29c0b650)
  Executable tests/t04.rs (target-default/debug/deps/t04-dc09fdc7c30fa0f4)
  Executable tests/t05.rs (target-default/debug/deps/t05-22b158ff1a040f43)
  Executable tests/t06.rs (target-default/debug/deps/t06-a4e048666c97f70e)
  Executable tests/t07.rs (target-default/debug/deps/t07-c8e9306bf3002431)
  Executable tests/t08.rs (target-default/debug/deps/t08-c119cee88ec15037)
  Executable tests/t09.rs (target-default/debug/deps/t09-e47ab0ff76681236)
  Executable tests/t10.rs (target-default/debug/deps/t10-c39d0e814047257a)
  Executable tests/t11.rs (target-default/debug/deps/t11-77771692fe589299)
  Executable tests/t12.rs (target-default/debug/deps/t12-2b4fdbca6a5be9eb)
  Executable tests/t13.rs (target-default/debug/deps/t13-fe4e545f4fd135a0)
  Executable tests/t14.rs (target-default/debug/deps/t14-c37de7d71e009053)
  Executable tests/t15.rs (target-default/debug/deps/t15-8fb02e3c23778aad)
  Executable tests/t16.rs (target-default/debug/deps/t16-cf34cad94b4e3088)
  Executable tests/t17.rs (target-default/debug/deps/t17-0dca13b99f493774)
  Executable tests/t18.rs (target-default/debug/deps/t18-ffa7e2efd3cca218)
  Executable tests/t19.rs (target-default/debug/deps/t19-fde4d762510ce49e)
  Executable tests/t20.rs (target-default/debug/deps/t20-813456fc2fc0cfc3)
### default_build_clean_j32: cargo build -j32
   Compiling proc-macro2 v1.0.107
   Compiling unicode-ident v1.0.24
   Compiling quote v1.0.47
   Compiling libc v0.2.189
   Compiling cfg-if v1.0.5
   Compiling shlex v2.0.1
   Compiling find-msvc-tools v0.1.12
   Compiling autocfg v1.5.1
   Compiling memchr v2.8.3
   Compiling libm v0.2.16
   Compiling version_check v0.9.5
   Compiling bytes v1.12.1
   Compiling zerocopy v0.8.57
   Compiling allocator-api2 v0.2.21
   Compiling itoa v1.0.18
   Compiling getrandom v0.3.4
   Compiling pkg-config v0.3.34
   Compiling foldhash v0.2.0
   Compiling equivalent v1.0.2
   Compiling serde_core v1.0.229
   Compiling once_cell v1.21.4
   Compiling zmij v1.0.23
   Compiling serde_json v1.0.151
   Compiling stable_deref_trait v1.2.1
   Compiling siphasher v1.0.3
   Compiling iana-time-zone v0.1.65
   Compiling chrono-tz v0.10.4
   Compiling pin-project-lite v0.2.17
   Compiling object v0.39.1
   Compiling writeable v0.6.4
   Compiling futures-core v0.3.34
   Compiling futures-sink v0.3.34
   Compiling lexical-util v1.0.7
   Compiling smallvec v1.16.1
   Compiling litemap v0.8.3
   Compiling utf8_iter v1.0.4
   Compiling icu_properties_data v2.3.0
   Compiling icu_normalizer_data v2.3.0
   Compiling semver v1.0.28
   Compiling futures-channel v0.3.34
   Compiling slab v0.4.12
   Compiling futures-task v0.3.34
   Compiling phf_shared v0.12.1
   Compiling crc32fast v1.5.2
   Compiling parking_lot_core v0.9.12
   Compiling futures-io v0.3.34
   Compiling zstd-safe v7.3.0
   Compiling bitflags v2.13.2
   Compiling unicode-segmentation v1.13.3
   Compiling adler2 v2.0.1
   Compiling scopeguard v1.2.0
   Compiling simd-adler32 v0.3.10
   Compiling base64 v0.23.1
   Compiling unicode-width v0.2.2
   Compiling phf v0.12.1
   Compiling ahash v0.8.12
   Compiling ryu v1.0.23
   Compiling regex-syntax v0.8.11
   Compiling lock_api v0.4.14
   Compiling percent-encoding v2.3.2
   Compiling alloc-no-stdlib v2.0.4
   Compiling thiserror v2.0.20
   Compiling rustc_version v0.4.1
   Compiling twox-hash v2.1.4
   Compiling either v1.18.0
   Compiling num-traits v0.2.19
   Compiling miniz_oxide v0.9.1
   Compiling zlib-rs v0.6.8
   Compiling getrandom v0.4.3
   Compiling alloc-stdlib v0.2.4
   Compiling form_urlencoded v1.2.2
   Compiling hashbrown v0.17.1
   Compiling lz4_flex v0.14.0
   Compiling tracing-core v0.1.36
   Compiling snap v1.1.2
   Compiling same-file v1.0.6
   Compiling simdutf8 v0.1.5
   Compiling brotli-decompressor v5.0.3
   Compiling humantime v2.4.0
   Compiling log v0.4.34
   Compiling lexical-write-integer v1.0.6
   Compiling lexical-parse-integer v1.0.6
   Compiling aho-corasick v1.1.5
   Compiling csv-core v0.1.13
   Compiling itertools v0.14.0
   Compiling walkdir v2.5.0
   Compiling http v1.5.0
   Compiling seq-macro v0.3.6
   Compiling flatbuffers v25.12.19
   Compiling itertools v0.15.0
   Compiling typenum v1.20.1
   Compiling datafusion-doc v55.1.0
   Compiling generic-array v0.14.7
   Compiling comfy-table v7.2.2
   Compiling lexical-parse-float v1.0.6
   Compiling foldhash v0.1.5
   Compiling rustix v1.1.4
   Compiling lexical-write-float v1.0.6
   Compiling crossbeam-utils v0.8.23
   Compiling linux-raw-sys v0.12.1
   Compiling fixedbitset v0.5.7
   Compiling hashbrown v0.14.5
   Compiling hashbrown v0.15.5
   Compiling fastrand v2.5.0
   Compiling const-oid v0.10.2
   Compiling subtle v2.6.1
   Compiling cpufeatures v0.3.1
   Compiling arrayvec v0.7.8
   Compiling syn v3.0.5
   Compiling syn v2.0.119
   Compiling lexical-core v1.0.6
   Compiling constant_time_eq v0.4.2
   Compiling hex v0.4.3
   Compiling zstd-safe v8.0.0
   Compiling libbz2-rs-sys v0.2.5
   Compiling compression-core v0.4.33
   Compiling glob v0.3.4
   Compiling bigdecimal v0.4.10
   Compiling indexmap v2.14.2
   Compiling hybrid-array v0.4.15
   Compiling jobserver v0.1.35
   Compiling brotli v8.0.4
   Compiling uuid v1.26.1
   Compiling rand_core v0.9.5
   Compiling parking_lot v0.12.5
   Compiling dashmap v6.2.1
   Compiling bzip2 v0.6.1
   Compiling cc v1.4.6
   Compiling num-integer v0.1.47
   Compiling chrono v0.4.45
   Compiling num-complex v0.4.6
   Compiling atoi v2.0.0
   Compiling block-buffer v0.12.1
   Compiling crypto-common v0.2.2
   Compiling regex-automata v0.4.18
   Compiling crypto-common v0.1.7
   Compiling block-buffer v0.10.4
   Compiling petgraph v0.8.3
   Compiling digest v0.10.7
   Compiling num-bigint v0.5.1
   Compiling num-bigint v0.4.8
   Compiling blake2 v0.10.6
   Compiling digest v0.11.3
   Compiling sha2 v0.11.0
   Compiling md-5 v0.11.0
   Compiling csv v1.4.0
   Compiling zstd-sys v2.1.0+zstd.1.5.7
   Compiling stacker v0.1.25
   Compiling blake3 v1.8.7
   Compiling liblzma-sys v0.4.9
   Compiling tempfile v3.27.0
   Compiling arrow-schema v59.3.0
   Compiling ar_archive_writer v0.5.3
   Compiling liblzma v0.4.8
   Compiling regex v1.13.1
   Compiling flate2 v1.1.10
   Compiling psm v0.1.32
   Compiling zerocopy-derive v0.8.57
   Compiling tracing-attributes v0.1.31
   Compiling recursive-proc-macro-impl v0.1.1
   Compiling sqlparser_derive v0.5.0
   Compiling pin-project-internal v1.1.13
   Compiling synstructure v0.14.0
   Compiling recursive v0.1.1
   Compiling zerovec-derive v0.11.6
   Compiling displaydoc v0.2.7
   Compiling tokio-macros v2.7.2
   Compiling futures-macro v0.3.34
   Compiling thiserror-impl v2.0.20
   Compiling async-trait v0.1.92
   Compiling datafusion-macros v55.1.0
   Compiling zerofrom-derive v0.1.8
   Compiling yoke-derive v0.8.3
   Compiling sqlparser v0.62.0
   Compiling tracing v0.1.44
   Compiling pin-project v1.1.13
   Compiling tokio v1.53.1
   Compiling futures-util v0.3.34
   Compiling zerofrom v0.1.8
   Compiling yoke v0.8.3
   Compiling zerovec v0.11.8
   Compiling zerotrie v0.2.5
   Compiling zstd v0.14.0
   Compiling zstd v0.13.3
   Compiling compression-codecs v0.4.42
   Compiling tinystr v0.8.4
   Compiling potential_utf v0.1.6
   Compiling icu_collections v2.3.0
   Compiling icu_locale_core v2.3.0
   Compiling icu_provider v2.3.1
   Compiling icu_normalizer v2.3.0
   Compiling icu_properties v2.3.0
   Compiling futures-executor v0.3.34
   Compiling futures v0.3.34
   Compiling tokio-util v0.7.19
   Compiling datafusion-common-runtime v55.1.0
   Compiling async-compression v0.4.47
   Compiling idna_adapter v1.2.2
   Compiling idna v1.1.0
   Compiling half v2.7.1
   Compiling ppv-lite86 v0.2.21
   Compiling url v2.5.8
   Compiling tokio-stream v0.1.19
   Compiling rand_chacha v0.9.0
   Compiling arrow-buffer v59.3.0
   Compiling rand v0.9.5
   Compiling object_store v0.13.2
   Compiling arrow-data v59.3.0
   Compiling arrow-array v59.3.0
   Compiling arrow-select v59.3.0
   Compiling arrow-row v59.3.0
   Compiling arrow-arith v59.3.0
   Compiling arrow-ord v59.3.0
   Compiling arrow-ipc v59.3.0
   Compiling arrow-string v59.3.0
   Compiling parquet v59.3.0
   Compiling arrow-cast v59.3.0
   Compiling arrow-csv v59.3.0
   Compiling arrow-json v59.3.0
   Compiling arrow v59.3.0
   Compiling datafusion-common v55.1.0
   Compiling datafusion-expr-common v55.1.0
   Compiling datafusion-physical-expr-common v55.1.0
   Compiling datafusion-functions-aggregate-common v55.1.0
   Compiling datafusion-functions-window-common v55.1.0
   Compiling datafusion-expr v55.1.0
   Compiling datafusion-physical-expr v55.1.0
   Compiling datafusion-execution v55.1.0
   Compiling datafusion-functions v55.1.0
   Compiling datafusion-functions-aggregate v55.1.0
   Compiling datafusion-optimizer v55.1.0
   Compiling datafusion-functions-window v55.1.0
   Compiling datafusion-physical-plan v55.1.0
   Compiling datafusion-physical-expr-adapter v55.1.0
   Compiling datafusion-functions-nested v55.1.0
   Compiling datafusion-sql v55.1.0
   Compiling datafusion-session v55.1.0
   Compiling datafusion-datasource v55.1.0
   Compiling datafusion-pruning v55.1.0
   Compiling datafusion-catalog v55.1.0
   Compiling datafusion-datasource-arrow v55.1.0
   Compiling datafusion-datasource-csv v55.1.0
   Compiling datafusion-datasource-json v55.1.0
   Compiling datafusion-datasource-parquet v55.1.0
   Compiling datafusion-physical-optimizer v55.1.0
   Compiling datafusion-catalog-listing v55.1.0
   Compiling datafusion-functions-table v55.1.0
   Compiling datafusion v55.0.0
   Compiling consumer_b v0.1.0 (/home/pepe/scratch/burrmill-footprint/B)
    Finished `dev` profile [unoptimized + debuginfo] target(s) in 2m 02s
### default_test_clean_j32: cargo test --no-run -j32
   Compiling proc-macro2 v1.0.107
   Compiling quote v1.0.47
   Compiling unicode-ident v1.0.24
   Compiling libc v0.2.189
   Compiling cfg-if v1.0.5
   Compiling find-msvc-tools v0.1.12
   Compiling shlex v2.0.1
   Compiling autocfg v1.5.1
   Compiling libm v0.2.16
   Compiling memchr v2.8.3
   Compiling version_check v0.9.5
   Compiling bytes v1.12.1
   Compiling zerocopy v0.8.57
   Compiling pkg-config v0.3.34
   Compiling getrandom v0.3.4
   Compiling once_cell v1.21.4
   Compiling serde_core v1.0.229
   Compiling equivalent v1.0.2
   Compiling itoa v1.0.18
   Compiling foldhash v0.2.0
   Compiling allocator-api2 v0.2.21
   Compiling zmij v1.0.23
   Compiling serde_json v1.0.151
   Compiling siphasher v1.0.3
   Compiling iana-time-zone v0.1.65
   Compiling stable_deref_trait v1.2.1
   Compiling chrono-tz v0.10.4
   Compiling pin-project-lite v0.2.17
   Compiling smallvec v1.16.1
   Compiling writeable v0.6.4
   Compiling futures-sink v0.3.34
   Compiling object v0.39.1
   Compiling futures-core v0.3.34
   Compiling litemap v0.8.3
   Compiling lexical-util v1.0.7
   Compiling icu_properties_data v2.3.0
   Compiling utf8_iter v1.0.4
   Compiling icu_normalizer_data v2.3.0
   Compiling semver v1.0.28
   Compiling futures-channel v0.3.34
   Compiling slab v0.4.12
   Compiling futures-task v0.3.34
   Compiling phf_shared v0.12.1
   Compiling zstd-safe v7.3.0
   Compiling futures-io v0.3.34
   Compiling crc32fast v1.5.2
   Compiling bitflags v2.13.2
   Compiling parking_lot_core v0.9.12
   Compiling scopeguard v1.2.0
   Compiling regex-syntax v0.8.11
   Compiling simd-adler32 v0.3.10
   Compiling ahash v0.8.12
   Compiling unicode-width v0.2.2
   Compiling phf v0.12.1
   Compiling adler2 v2.0.1
   Compiling unicode-segmentation v1.13.3
   Compiling base64 v0.23.1
   Compiling ryu v1.0.23
   Compiling lock_api v0.4.14
   Compiling alloc-no-stdlib v2.0.4
   Compiling thiserror v2.0.20
   Compiling getrandom v0.4.3
   Compiling zlib-rs v0.6.8
   Compiling hashbrown v0.17.1
   Compiling rustc_version v0.4.1
   Compiling miniz_oxide v0.9.1
   Compiling num-traits v0.2.19
   Compiling twox-hash v2.1.4
   Compiling either v1.18.0
   Compiling percent-encoding v2.3.2
   Compiling alloc-stdlib v0.2.4
   Compiling tracing-core v0.1.36
   Compiling same-file v1.0.6
   Compiling simdutf8 v0.1.5
   Compiling aho-corasick v1.1.5
   Compiling lexical-parse-integer v1.0.6
   Compiling lexical-write-integer v1.0.6
   Compiling form_urlencoded v1.2.2
   Compiling lz4_flex v0.14.0
   Compiling csv-core v0.1.13
   Compiling snap v1.1.2
   Compiling walkdir v2.5.0
   Compiling brotli-decompressor v5.0.3
   Compiling humantime v2.4.0
   Compiling itertools v0.14.0
   Compiling log v0.4.34
   Compiling seq-macro v0.3.6
   Compiling http v1.5.0
   Compiling itertools v0.15.0
   Compiling typenum v1.20.1
   Compiling lexical-parse-float v1.0.6
   Compiling datafusion-doc v55.1.0
   Compiling flatbuffers v25.12.19
   Compiling comfy-table v7.2.2
   Compiling lexical-write-float v1.0.6
   Compiling generic-array v0.14.7
   Compiling foldhash v0.1.5
   Compiling crossbeam-utils v0.8.23
   Compiling rustix v1.1.4
   Compiling fixedbitset v0.5.7
   Compiling linux-raw-sys v0.12.1
   Compiling syn v3.0.5
   Compiling syn v2.0.119
   Compiling hashbrown v0.15.5
   Compiling const-oid v0.10.2
   Compiling fastrand v2.5.0
   Compiling hashbrown v0.14.5
   Compiling subtle v2.6.1
   Compiling lexical-core v1.0.6
   Compiling cpufeatures v0.3.1
   Compiling arrayvec v0.7.8
   Compiling indexmap v2.14.2
   Compiling constant_time_eq v0.4.2
   Compiling hex v0.4.3
   Compiling zstd-safe v8.0.0
   Compiling libbz2-rs-sys v0.2.5
   Compiling compression-core v0.4.33
   Compiling glob v0.3.4
   Compiling bigdecimal v0.4.10
   Compiling jobserver v0.1.35
   Compiling brotli v8.0.4
   Compiling parking_lot v0.12.5
   Compiling uuid v1.26.1
   Compiling cc v1.4.6
   Compiling rand_core v0.9.5
   Compiling hybrid-array v0.4.15
   Compiling dashmap v6.2.1
   Compiling petgraph v0.8.3
   Compiling bzip2 v0.6.1
   Compiling regex-automata v0.4.18
   Compiling block-buffer v0.10.4
   Compiling crypto-common v0.1.7
   Compiling digest v0.10.7
   Compiling num-integer v0.1.47
   Compiling chrono v0.4.45
   Compiling num-complex v0.4.6
   Compiling atoi v2.0.0
   Compiling crypto-common v0.2.2
   Compiling block-buffer v0.12.1
   Compiling blake2 v0.10.6
   Compiling csv v1.4.0
   Compiling num-bigint v0.5.1
   Compiling num-bigint v0.4.8
   Compiling digest v0.11.3
   Compiling zstd-sys v2.1.0+zstd.1.5.7
   Compiling stacker v0.1.25
   Compiling blake3 v1.8.7
   Compiling liblzma-sys v0.4.9
   Compiling arrow-schema v59.3.0
   Compiling sha2 v0.11.0
   Compiling md-5 v0.11.0
   Compiling tempfile v3.27.0
   Compiling flate2 v1.1.10
   Compiling liblzma v0.4.8
   Compiling regex v1.13.1
   Compiling zerocopy-derive v0.8.57
   Compiling tracing-attributes v0.1.31
   Compiling recursive-proc-macro-impl v0.1.1
   Compiling sqlparser_derive v0.5.0
   Compiling pin-project-internal v1.1.13
   Compiling ar_archive_writer v0.5.3
   Compiling tracing v0.1.44
   Compiling pin-project v1.1.13
   Compiling psm v0.1.32
   Compiling synstructure v0.14.0
   Compiling recursive v0.1.1
   Compiling sqlparser v0.62.0
   Compiling zerovec-derive v0.11.6
   Compiling displaydoc v0.2.7
   Compiling tokio-macros v2.7.2
   Compiling futures-macro v0.3.34
   Compiling thiserror-impl v2.0.20
   Compiling async-trait v0.1.92
   Compiling datafusion-macros v55.1.0
   Compiling zerofrom-derive v0.1.8
   Compiling yoke-derive v0.8.3
   Compiling futures-util v0.3.34
   Compiling tokio v1.53.1
   Compiling zerofrom v0.1.8
   Compiling yoke v0.8.3
   Compiling zstd v0.13.3
   Compiling zstd v0.14.0
   Compiling zerovec v0.11.8
   Compiling zerotrie v0.2.5
   Compiling compression-codecs v0.4.42
   Compiling tinystr v0.8.4
   Compiling potential_utf v0.1.6
   Compiling icu_collections v2.3.0
   Compiling icu_locale_core v2.3.0
   Compiling icu_provider v2.3.1
   Compiling icu_normalizer v2.3.0
   Compiling icu_properties v2.3.0
   Compiling futures-executor v0.3.34
   Compiling half v2.7.1
   Compiling ppv-lite86 v0.2.21
   Compiling futures v0.3.34
   Compiling rand_chacha v0.9.0
   Compiling arrow-buffer v59.3.0
   Compiling tokio-util v0.7.19
   Compiling datafusion-common-runtime v55.1.0
   Compiling async-compression v0.4.47
   Compiling rand v0.9.5
   Compiling idna_adapter v1.2.2
   Compiling idna v1.1.0
   Compiling url v2.5.8
   Compiling tokio-stream v0.1.19
   Compiling arrow-data v59.3.0
   Compiling object_store v0.13.2
   Compiling arrow-array v59.3.0
   Compiling arrow-select v59.3.0
   Compiling arrow-row v59.3.0
   Compiling arrow-arith v59.3.0
   Compiling arrow-ord v59.3.0
   Compiling arrow-ipc v59.3.0
   Compiling arrow-string v59.3.0
   Compiling parquet v59.3.0
   Compiling arrow-cast v59.3.0
   Compiling arrow-json v59.3.0
   Compiling arrow-csv v59.3.0
   Compiling arrow v59.3.0
   Compiling datafusion-common v55.1.0
   Compiling datafusion-expr-common v55.1.0
   Compiling datafusion-physical-expr-common v55.1.0
   Compiling datafusion-functions-aggregate-common v55.1.0
   Compiling datafusion-functions-window-common v55.1.0
   Compiling datafusion-expr v55.1.0
   Compiling datafusion-physical-expr v55.1.0
   Compiling datafusion-execution v55.1.0
   Compiling datafusion-functions v55.1.0
   Compiling datafusion-functions-aggregate v55.1.0
   Compiling datafusion-functions-window v55.1.0
   Compiling datafusion-optimizer v55.1.0
   Compiling datafusion-physical-plan v55.1.0
   Compiling datafusion-physical-expr-adapter v55.1.0
   Compiling datafusion-functions-nested v55.1.0
   Compiling datafusion-sql v55.1.0
   Compiling datafusion-session v55.1.0
   Compiling datafusion-datasource v55.1.0
   Compiling datafusion-pruning v55.1.0
   Compiling datafusion-catalog v55.1.0
   Compiling datafusion-datasource-csv v55.1.0
   Compiling datafusion-datasource-arrow v55.1.0
   Compiling datafusion-datasource-json v55.1.0
   Compiling datafusion-datasource-parquet v55.1.0
   Compiling datafusion-physical-optimizer v55.1.0
   Compiling datafusion-functions-table v55.1.0
   Compiling datafusion-catalog-listing v55.1.0
   Compiling datafusion v55.0.0
   Compiling consumer_b v0.1.0 (/home/pepe/scratch/burrmill-footprint/B)
    Finished `test` profile [unoptimized + debuginfo] target(s) in 2m 13s
  Executable unittests src/lib.rs (target-default/debug/deps/consumer-487f6ecce943662f)
  Executable unittests src/main.rs (target-default/debug/deps/consumer_bin-1fa87637a901d17f)
  Executable tests/t01.rs (target-default/debug/deps/t01-595ed85ecccc2a24)
  Executable tests/t02.rs (target-default/debug/deps/t02-2126ec50626b4a3a)
  Executable tests/t03.rs (target-default/debug/deps/t03-63a71b7d29c0b650)
  Executable tests/t04.rs (target-default/debug/deps/t04-dc09fdc7c30fa0f4)
  Executable tests/t05.rs (target-default/debug/deps/t05-22b158ff1a040f43)
  Executable tests/t06.rs (target-default/debug/deps/t06-a4e048666c97f70e)
  Executable tests/t07.rs (target-default/debug/deps/t07-c8e9306bf3002431)
  Executable tests/t08.rs (target-default/debug/deps/t08-c119cee88ec15037)
  Executable tests/t09.rs (target-default/debug/deps/t09-e47ab0ff76681236)
  Executable tests/t10.rs (target-default/debug/deps/t10-c39d0e814047257a)
  Executable tests/t11.rs (target-default/debug/deps/t11-77771692fe589299)
  Executable tests/t12.rs (target-default/debug/deps/t12-2b4fdbca6a5be9eb)
  Executable tests/t13.rs (target-default/debug/deps/t13-fe4e545f4fd135a0)
  Executable tests/t14.rs (target-default/debug/deps/t14-c37de7d71e009053)
  Executable tests/t15.rs (target-default/debug/deps/t15-8fb02e3c23778aad)
  Executable tests/t16.rs (target-default/debug/deps/t16-cf34cad94b4e3088)
  Executable tests/t17.rs (target-default/debug/deps/t17-0dca13b99f493774)
  Executable tests/t18.rs (target-default/debug/deps/t18-ffa7e2efd3cca218)
  Executable tests/t19.rs (target-default/debug/deps/t19-fde4d762510ce49e)
  Executable tests/t20.rs (target-default/debug/deps/t20-813456fc2fc0cfc3)
### default_incr_lib_test: cargo test --no-run -j32
   Compiling consumer_b v0.1.0 (/home/pepe/scratch/burrmill-footprint/B)
    Finished `test` profile [unoptimized + debuginfo] target(s) in 15.51s
  Executable unittests src/lib.rs (target-default/debug/deps/consumer-487f6ecce943662f)
  Executable unittests src/main.rs (target-default/debug/deps/consumer_bin-1fa87637a901d17f)
  Executable tests/t01.rs (target-default/debug/deps/t01-595ed85ecccc2a24)
  Executable tests/t02.rs (target-default/debug/deps/t02-2126ec50626b4a3a)
  Executable tests/t03.rs (target-default/debug/deps/t03-63a71b7d29c0b650)
  Executable tests/t04.rs (target-default/debug/deps/t04-dc09fdc7c30fa0f4)
  Executable tests/t05.rs (target-default/debug/deps/t05-22b158ff1a040f43)
  Executable tests/t06.rs (target-default/debug/deps/t06-a4e048666c97f70e)
  Executable tests/t07.rs (target-default/debug/deps/t07-c8e9306bf3002431)
  Executable tests/t08.rs (target-default/debug/deps/t08-c119cee88ec15037)
  Executable tests/t09.rs (target-default/debug/deps/t09-e47ab0ff76681236)
  Executable tests/t10.rs (target-default/debug/deps/t10-c39d0e814047257a)
  Executable tests/t11.rs (target-default/debug/deps/t11-77771692fe589299)
  Executable tests/t12.rs (target-default/debug/deps/t12-2b4fdbca6a5be9eb)
  Executable tests/t13.rs (target-default/debug/deps/t13-fe4e545f4fd135a0)
  Executable tests/t14.rs (target-default/debug/deps/t14-c37de7d71e009053)
  Executable tests/t15.rs (target-default/debug/deps/t15-8fb02e3c23778aad)
  Executable tests/t16.rs (target-default/debug/deps/t16-cf34cad94b4e3088)
  Executable tests/t17.rs (target-default/debug/deps/t17-0dca13b99f493774)
  Executable tests/t18.rs (target-default/debug/deps/t18-ffa7e2efd3cca218)
  Executable tests/t19.rs (target-default/debug/deps/t19-fde4d762510ce49e)
  Executable tests/t20.rs (target-default/debug/deps/t20-813456fc2fc0cfc3)
### default_incr_lib_build: cargo build -j32
   Compiling consumer_b v0.1.0 (/home/pepe/scratch/burrmill-footprint/B)
    Finished `dev` profile [unoptimized + debuginfo] target(s) in 1.93s
### default_incr_test_test: cargo test --no-run -j32
   Compiling consumer_b v0.1.0 (/home/pepe/scratch/burrmill-footprint/B)
    Finished `test` profile [unoptimized + debuginfo] target(s) in 13.24s
  Executable unittests src/lib.rs (target-default/debug/deps/consumer-487f6ecce943662f)
  Executable unittests src/main.rs (target-default/debug/deps/consumer_bin-1fa87637a901d17f)
  Executable tests/t01.rs (target-default/debug/deps/t01-595ed85ecccc2a24)
  Executable tests/t02.rs (target-default/debug/deps/t02-2126ec50626b4a3a)
  Executable tests/t03.rs (target-default/debug/deps/t03-63a71b7d29c0b650)
  Executable tests/t04.rs (target-default/debug/deps/t04-dc09fdc7c30fa0f4)
  Executable tests/t05.rs (target-default/debug/deps/t05-22b158ff1a040f43)
  Executable tests/t06.rs (target-default/debug/deps/t06-a4e048666c97f70e)
  Executable tests/t07.rs (target-default/debug/deps/t07-c8e9306bf3002431)
  Executable tests/t08.rs (target-default/debug/deps/t08-c119cee88ec15037)
  Executable tests/t09.rs (target-default/debug/deps/t09-e47ab0ff76681236)
  Executable tests/t10.rs (target-default/debug/deps/t10-c39d0e814047257a)
  Executable tests/t11.rs (target-default/debug/deps/t11-77771692fe589299)
  Executable tests/t12.rs (target-default/debug/deps/t12-2b4fdbca6a5be9eb)
  Executable tests/t13.rs (target-default/debug/deps/t13-fe4e545f4fd135a0)
  Executable tests/t14.rs (target-default/debug/deps/t14-c37de7d71e009053)
  Executable tests/t15.rs (target-default/debug/deps/t15-8fb02e3c23778aad)
  Executable tests/t16.rs (target-default/debug/deps/t16-cf34cad94b4e3088)
  Executable tests/t17.rs (target-default/debug/deps/t17-0dca13b99f493774)
  Executable tests/t18.rs (target-default/debug/deps/t18-ffa7e2efd3cca218)
  Executable tests/t19.rs (target-default/debug/deps/t19-fde4d762510ce49e)
  Executable tests/t20.rs (target-default/debug/deps/t20-813456fc2fc0cfc3)
### nodebug_build_clean_j8: cargo build -j8
   Compiling proc-macro2 v1.0.107
   Compiling quote v1.0.47
   Compiling unicode-ident v1.0.24
   Compiling libc v0.2.189
   Compiling cfg-if v1.0.5
   Compiling find-msvc-tools v0.1.12
   Compiling shlex v2.0.1
   Compiling autocfg v1.5.1
   Compiling memchr v2.8.3
   Compiling libm v0.2.16
   Compiling version_check v0.9.5
   Compiling zerocopy v0.8.57
   Compiling bytes v1.12.1
   Compiling num-traits v0.2.19
   Compiling once_cell v1.21.4
   Compiling pkg-config v0.3.34
   Compiling serde_core v1.0.229
   Compiling getrandom v0.3.4
   Compiling foldhash v0.2.0
   Compiling itoa v1.0.18
   Compiling allocator-api2 v0.2.21
   Compiling equivalent v1.0.2
   Compiling zmij v1.0.23
   Compiling serde_json v1.0.151
   Compiling stable_deref_trait v1.2.1
   Compiling siphasher v1.0.3
   Compiling syn v3.0.5
   Compiling syn v2.0.119
   Compiling hashbrown v0.17.1
   Compiling iana-time-zone v0.1.65
   Compiling jobserver v0.1.35
   Compiling phf_shared v0.12.1
   Compiling cc v1.4.6
   Compiling ahash v0.8.12
   Compiling chrono-tz v0.10.4
   Compiling phf v0.12.1
   Compiling indexmap v2.14.2
   Compiling pin-project-lite v0.2.17
   Compiling lexical-util v1.0.7
   Compiling futures-sink v0.3.34
   Compiling object v0.39.1
   Compiling num-integer v0.1.47
   Compiling chrono v0.4.45
   Compiling num-complex v0.4.6
   Compiling litemap v0.8.3
   Compiling num-bigint v0.5.1
   Compiling writeable v0.6.4
   Compiling smallvec v1.16.1
   Compiling futures-core v0.3.34
   Compiling utf8_iter v1.0.4
   Compiling icu_properties_data v2.3.0
   Compiling icu_normalizer_data v2.3.0
   Compiling semver v1.0.28
   Compiling zstd-sys v2.1.0+zstd.1.5.7
   Compiling arrow-schema v59.3.0
   Compiling rustc_version v0.4.1
   Compiling futures-channel v0.3.34
   Compiling synstructure v0.14.0
   Compiling lexical-write-integer v1.0.6
   Compiling lexical-parse-integer v1.0.6
   Compiling crc32fast v1.5.2
   Compiling futures-io v0.3.34
   Compiling zstd-safe v7.3.0
   Compiling futures-task v0.3.34
   Compiling slab v0.4.12
   Compiling bitflags v2.13.2
   Compiling parking_lot_core v0.9.12
   Compiling lexical-parse-float v1.0.6
   Compiling lexical-write-float v1.0.6
   Compiling flatbuffers v25.12.19
   Compiling aho-corasick v1.1.5
   Compiling zerocopy-derive v0.8.57
   Compiling simd-adler32 v0.3.10
   Compiling adler2 v2.0.1
   Compiling scopeguard v1.2.0
   Compiling regex-syntax v0.8.11
   Compiling unicode-width v0.2.2
   Compiling ryu v1.0.23
   Compiling zerofrom-derive v0.1.8
   Compiling yoke-derive v0.8.3
   Compiling zerovec-derive v0.11.6
   Compiling displaydoc v0.2.7
   Compiling tokio-macros v2.7.2
   Compiling ar_archive_writer v0.5.3
   Compiling zerofrom v0.1.8
   Compiling yoke v0.8.3
   Compiling futures-macro v0.3.34
   Compiling tokio v1.53.1
   Compiling zerotrie v0.2.5
   Compiling zerovec v0.11.8
   Compiling base64 v0.23.1
   Compiling unicode-segmentation v1.13.3
   Compiling psm v0.1.32
   Compiling futures-util v0.3.34
   Compiling tinystr v0.8.4
   Compiling potential_utf v0.1.6
   Compiling comfy-table v7.2.2
   Compiling regex-automata v0.4.18
   Compiling icu_locale_core v2.3.0
   Compiling icu_collections v2.3.0
   Compiling lock_api v0.4.14
   Compiling miniz_oxide v0.9.1
   Compiling lexical-core v1.0.6
   Compiling icu_provider v2.3.1
   Compiling icu_properties v2.3.0
   Compiling icu_normalizer v2.3.0
   Compiling half v2.7.1
   Compiling stacker v0.1.25
   Compiling atoi v2.0.0
   Compiling twox-hash v2.1.4
   Compiling arrow-buffer v59.3.0
   Compiling getrandom v0.4.3
   Compiling either v1.18.0
   Compiling idna_adapter v1.2.2
   Compiling percent-encoding v2.3.2
   Compiling zlib-rs v0.6.8
   Compiling alloc-no-stdlib v2.0.4
   Compiling thiserror v2.0.20
   Compiling form_urlencoded v1.2.2
   Compiling alloc-stdlib v0.2.4
   Compiling idna v1.1.0
   Compiling futures-executor v0.3.34
   Compiling regex v1.13.1
   Compiling lz4_flex v0.14.0
   Compiling arrow-data v59.3.0
   Compiling thiserror-impl v2.0.20
   Compiling tracing-attributes v0.1.31
   Compiling tracing-core v0.1.36
   Compiling csv-core v0.1.13
   Compiling simdutf8 v0.1.5
   Compiling arrow-array v59.3.0
   Compiling same-file v1.0.6
   Compiling snap v1.1.2
   Compiling walkdir v2.5.0
   Compiling csv v1.4.0
   Compiling url v2.5.8
   Compiling futures v0.3.34
   Compiling tracing v0.1.44
   Compiling brotli-decompressor v5.0.3
   Compiling itertools v0.14.0
   Compiling parking_lot v0.12.5
   Compiling async-trait v0.1.92
   Compiling recursive-proc-macro-impl v0.1.1
   Compiling http v1.5.0
   Compiling log v0.4.34
   Compiling humantime v2.4.0
   Compiling brotli v8.0.4
   Compiling recursive v0.1.1
   Compiling flate2 v1.1.10
   Compiling object_store v0.13.2
   Compiling sqlparser_derive v0.5.0
   Compiling seq-macro v0.3.6
   Compiling arrow-select v59.3.0
   Compiling arrow-arith v59.3.0
   Compiling arrow-row v59.3.0
   Compiling sqlparser v0.62.0
   Compiling arrow-ord v59.3.0
   Compiling zstd v0.13.3
   Compiling arrow-string v59.3.0
   Compiling uuid v1.26.1
   Compiling arrow-ipc v59.3.0
   Compiling itertools v0.15.0
   Compiling arrow-cast v59.3.0
   Compiling parquet v59.3.0
   Compiling typenum v1.20.1
   Compiling pin-project-internal v1.1.13
   Compiling datafusion-doc v55.1.0
   Compiling generic-array v0.14.7
   Compiling rustix v1.1.4
   Compiling hybrid-array v0.4.15
   Compiling crossbeam-utils v0.8.23
   Compiling pin-project v1.1.13
   Compiling foldhash v0.1.5
   Compiling hashbrown v0.15.5
   Compiling arrow-csv v59.3.0
   Compiling arrow-json v59.3.0
   Compiling ppv-lite86 v0.2.21
   Compiling rand_core v0.9.5
   Compiling linux-raw-sys v0.12.1
   Compiling arrow v59.3.0
   Compiling fixedbitset v0.5.7
   Compiling petgraph v0.8.3
   Compiling rand_chacha v0.9.0
   Compiling block-buffer v0.12.1
   Compiling crypto-common v0.2.2
   Compiling tokio-util v0.7.19
   Compiling hashbrown v0.14.5
   Compiling const-oid v0.10.2
   Compiling fastrand v2.5.0
   Compiling digest v0.11.3
   Compiling rand v0.9.5
   Compiling tempfile v3.27.0
   Compiling block-buffer v0.10.4
   Compiling dashmap v6.2.1
   Compiling crypto-common v0.1.7
   Compiling datafusion-macros v55.1.0
   Compiling blake3 v1.8.7
   Compiling subtle v2.6.1
   Compiling cpufeatures v0.3.1
   Compiling constant_time_eq v0.4.2
   Compiling arrayvec v0.7.8
   Compiling sha2 v0.11.0
   Compiling digest v0.10.7
   Compiling md-5 v0.11.0
   Compiling hex v0.4.3
   Compiling liblzma-sys v0.4.9
   Compiling blake2 v0.10.6
   Compiling zstd-safe v8.0.0
   Compiling libbz2-rs-sys v0.2.5
   Compiling zstd v0.14.0
   Compiling datafusion-common-runtime v55.1.0
   Compiling compression-core v0.4.33
   Compiling glob v0.3.4
   Compiling bzip2 v0.6.1
   Compiling bigdecimal v0.4.10
   Compiling num-bigint v0.4.8
   Compiling tokio-stream v0.1.19
   Compiling datafusion-common v55.1.0
   Compiling liblzma v0.4.8
   Compiling compression-codecs v0.4.42
   Compiling async-compression v0.4.47
   Compiling datafusion-expr-common v55.1.0
   Compiling datafusion-physical-expr-common v55.1.0
   Compiling datafusion-functions-aggregate-common v55.1.0
   Compiling datafusion-functions-window-common v55.1.0
   Compiling datafusion-expr v55.1.0
   Compiling datafusion-physical-expr v55.1.0
   Compiling datafusion-execution v55.1.0
   Compiling datafusion-functions v55.1.0
   Compiling datafusion-functions-aggregate v55.1.0
   Compiling datafusion-functions-window v55.1.0
   Compiling datafusion-optimizer v55.1.0
   Compiling datafusion-physical-plan v55.1.0
   Compiling datafusion-physical-expr-adapter v55.1.0
   Compiling datafusion-functions-nested v55.1.0
   Compiling datafusion-sql v55.1.0
   Compiling datafusion-session v55.1.0
   Compiling datafusion-datasource v55.1.0
   Compiling datafusion-pruning v55.1.0
   Compiling datafusion-catalog v55.1.0
   Compiling datafusion-datasource-csv v55.1.0
   Compiling datafusion-datasource-arrow v55.1.0
   Compiling datafusion-datasource-json v55.1.0
   Compiling datafusion-datasource-parquet v55.1.0
   Compiling datafusion-physical-optimizer v55.1.0
   Compiling datafusion-catalog-listing v55.1.0
   Compiling datafusion-functions-table v55.1.0
   Compiling datafusion v55.0.0
   Compiling consumer_b v0.1.0 (/home/pepe/scratch/burrmill-footprint/B)
    Finished `dev` profile [unoptimized] target(s) in 2m 01s
### nodebug_test_clean_j8: cargo test --no-run -j8
   Compiling proc-macro2 v1.0.107
   Compiling quote v1.0.47
   Compiling unicode-ident v1.0.24
   Compiling libc v0.2.189
   Compiling cfg-if v1.0.5
   Compiling shlex v2.0.1
   Compiling find-msvc-tools v0.1.12
   Compiling autocfg v1.5.1
   Compiling memchr v2.8.3
   Compiling libm v0.2.16
   Compiling version_check v0.9.5
   Compiling bytes v1.12.1
   Compiling zerocopy v0.8.57
   Compiling num-traits v0.2.19
   Compiling itoa v1.0.18
   Compiling foldhash v0.2.0
   Compiling allocator-api2 v0.2.21
   Compiling pkg-config v0.3.34
   Compiling once_cell v1.21.4
   Compiling getrandom v0.3.4
   Compiling syn v3.0.5
   Compiling syn v2.0.119
   Compiling equivalent v1.0.2
   Compiling serde_core v1.0.229
   Compiling hashbrown v0.17.1
   Compiling zmij v1.0.23
   Compiling jobserver v0.1.35
   Compiling serde_json v1.0.151
   Compiling cc v1.4.6
   Compiling stable_deref_trait v1.2.1
   Compiling siphasher v1.0.3
   Compiling num-integer v0.1.47
   Compiling indexmap v2.14.2
   Compiling iana-time-zone v0.1.65
   Compiling phf_shared v0.12.1
   Compiling chrono v0.4.45
   Compiling ahash v0.8.12
   Compiling num-bigint v0.5.1
   Compiling chrono-tz v0.10.4
   Compiling phf v0.12.1
   Compiling num-complex v0.4.6
   Compiling pin-project-lite v0.2.17
   Compiling writeable v0.6.4
   Compiling smallvec v1.16.1
   Compiling futures-sink v0.3.34
   Compiling lexical-util v1.0.7
   Compiling futures-core v0.3.34
   Compiling zstd-sys v2.1.0+zstd.1.5.7
   Compiling litemap v0.8.3
   Compiling object v0.39.1
   Compiling icu_properties_data v2.3.0
   Compiling icu_normalizer_data v2.3.0
   Compiling utf8_iter v1.0.4
   Compiling semver v1.0.28
   Compiling rustc_version v0.4.1
   Compiling synstructure v0.14.0
   Compiling arrow-schema v59.3.0
   Compiling lexical-write-integer v1.0.6
   Compiling lexical-parse-integer v1.0.6
   Compiling futures-channel v0.3.34
   Compiling futures-task v0.3.34
   Compiling zstd-safe v7.3.0
   Compiling parking_lot_core v0.9.12
   Compiling futures-io v0.3.34
   Compiling crc32fast v1.5.2
   Compiling bitflags v2.13.2
   Compiling slab v0.4.12
   Compiling lexical-parse-float v1.0.6
   Compiling lexical-write-float v1.0.6
   Compiling zerocopy-derive v0.8.57
   Compiling flatbuffers v25.12.19
   Compiling aho-corasick v1.1.5
   Compiling adler2 v2.0.1
   Compiling regex-syntax v0.8.11
   Compiling scopeguard v1.2.0
   Compiling unicode-segmentation v1.13.3
   Compiling zerofrom-derive v0.1.8
   Compiling yoke-derive v0.8.3
   Compiling zerovec-derive v0.11.6
   Compiling displaydoc v0.2.7
   Compiling zerofrom v0.1.8
   Compiling tokio-macros v2.7.2
   Compiling yoke v0.8.3
   Compiling ar_archive_writer v0.5.3
   Compiling futures-macro v0.3.34
   Compiling zerotrie v0.2.5
   Compiling zerovec v0.11.8
   Compiling tokio v1.53.1
   Compiling base64 v0.23.1
   Compiling ryu v1.0.23
   Compiling simd-adler32 v0.3.10
   Compiling futures-util v0.3.34
   Compiling psm v0.1.32
   Compiling unicode-width v0.2.2
   Compiling miniz_oxide v0.9.1
   Compiling tinystr v0.8.4
   Compiling potential_utf v0.1.6
   Compiling icu_locale_core v2.3.0
   Compiling icu_collections v2.3.0
   Compiling comfy-table v7.2.2
   Compiling regex-automata v0.4.18
   Compiling lock_api v0.4.14
   Compiling lexical-core v1.0.6
   Compiling icu_provider v2.3.1
   Compiling icu_properties v2.3.0
   Compiling icu_normalizer v2.3.0
   Compiling stacker v0.1.25
   Compiling atoi v2.0.0
   Compiling thiserror v2.0.20
   Compiling getrandom v0.4.3
   Compiling twox-hash v2.1.4
   Compiling either v1.18.0
   Compiling alloc-no-stdlib v2.0.4
   Compiling percent-encoding v2.3.2
   Compiling zlib-rs v0.6.8
   Compiling half v2.7.1
   Compiling form_urlencoded v1.2.2
   Compiling idna_adapter v1.2.2
   Compiling alloc-stdlib v0.2.4
   Compiling arrow-buffer v59.3.0
   Compiling idna v1.1.0
   Compiling futures-executor v0.3.34
   Compiling lz4_flex v0.14.0
   Compiling regex v1.13.1
   Compiling thiserror-impl v2.0.20
   Compiling tracing-attributes v0.1.31
   Compiling arrow-data v59.3.0
   Compiling tracing-core v0.1.36
   Compiling csv-core v0.1.13
   Compiling arrow-array v59.3.0
   Compiling snap v1.1.2
   Compiling same-file v1.0.6
   Compiling simdutf8 v0.1.5
   Compiling walkdir v2.5.0
   Compiling csv v1.4.0
   Compiling tracing v0.1.44
   Compiling url v2.5.8
   Compiling futures v0.3.34
   Compiling brotli-decompressor v5.0.3
   Compiling itertools v0.14.0
   Compiling parking_lot v0.12.5
   Compiling async-trait v0.1.92
   Compiling recursive-proc-macro-impl v0.1.1
   Compiling http v1.5.0
   Compiling log v0.4.34
   Compiling flate2 v1.1.10
   Compiling humantime v2.4.0
   Compiling recursive v0.1.1
   Compiling brotli v8.0.4
   Compiling sqlparser_derive v0.5.0
   Compiling seq-macro v0.3.6
   Compiling object_store v0.13.2
   Compiling uuid v1.26.1
   Compiling itertools v0.15.0
   Compiling typenum v1.20.1
   Compiling sqlparser v0.62.0
   Compiling pin-project-internal v1.1.13
   Compiling arrow-select v59.3.0
   Compiling arrow-arith v59.3.0
   Compiling arrow-row v59.3.0
   Compiling zstd v0.13.3
   Compiling pin-project v1.1.13
   Compiling datafusion-doc v55.1.0
   Compiling generic-array v0.14.7
   Compiling hybrid-array v0.4.15
   Compiling crossbeam-utils v0.8.23
   Compiling foldhash v0.1.5
   Compiling rustix v1.1.4
   Compiling hashbrown v0.15.5
   Compiling arrow-ord v59.3.0
   Compiling arrow-ipc v59.3.0
   Compiling arrow-string v59.3.0
   Compiling ppv-lite86 v0.2.21
   Compiling rand_core v0.9.5
   Compiling fixedbitset v0.5.7
   Compiling linux-raw-sys v0.12.1
   Compiling petgraph v0.8.3
   Compiling arrow-cast v59.3.0
   Compiling parquet v59.3.0
   Compiling rand_chacha v0.9.0
   Compiling block-buffer v0.12.1
   Compiling crypto-common v0.2.2
   Compiling tokio-util v0.7.19
   Compiling fastrand v2.5.0
   Compiling const-oid v0.10.2
   Compiling hashbrown v0.14.5
   Compiling tempfile v3.27.0
   Compiling digest v0.11.3
   Compiling rand v0.9.5
   Compiling block-buffer v0.10.4
   Compiling arrow-json v59.3.0
   Compiling arrow-csv v59.3.0
   Compiling dashmap v6.2.1
   Compiling arrow v59.3.0
   Compiling crypto-common v0.1.7
   Compiling datafusion-macros v55.1.0
   Compiling blake3 v1.8.7
   Compiling cpufeatures v0.3.1
   Compiling subtle v2.6.1
   Compiling digest v0.10.7
   Compiling arrayvec v0.7.8
   Compiling constant_time_eq v0.4.2
   Compiling blake2 v0.10.6
   Compiling sha2 v0.11.0
   Compiling md-5 v0.11.0
   Compiling hex v0.4.3
   Compiling liblzma-sys v0.4.9
   Compiling zstd-safe v8.0.0
   Compiling libbz2-rs-sys v0.2.5
   Compiling zstd v0.14.0
   Compiling datafusion-common-runtime v55.1.0
   Compiling compression-core v0.4.33
   Compiling glob v0.3.4
   Compiling bigdecimal v0.4.10
   Compiling bzip2 v0.6.1
   Compiling num-bigint v0.4.8
   Compiling tokio-stream v0.1.19
   Compiling datafusion-common v55.1.0
   Compiling liblzma v0.4.8
   Compiling compression-codecs v0.4.42
   Compiling async-compression v0.4.47
   Compiling datafusion-expr-common v55.1.0
   Compiling datafusion-physical-expr-common v55.1.0
   Compiling datafusion-functions-aggregate-common v55.1.0
   Compiling datafusion-functions-window-common v55.1.0
   Compiling datafusion-expr v55.1.0
   Compiling datafusion-physical-expr v55.1.0
   Compiling datafusion-execution v55.1.0
   Compiling datafusion-functions v55.1.0
   Compiling datafusion-functions-aggregate v55.1.0
   Compiling datafusion-optimizer v55.1.0
   Compiling datafusion-functions-window v55.1.0
   Compiling datafusion-physical-plan v55.1.0
   Compiling datafusion-physical-expr-adapter v55.1.0
   Compiling datafusion-functions-nested v55.1.0
   Compiling datafusion-sql v55.1.0
   Compiling datafusion-session v55.1.0
   Compiling datafusion-datasource v55.1.0
   Compiling datafusion-catalog v55.1.0
   Compiling datafusion-pruning v55.1.0
   Compiling datafusion-datasource-arrow v55.1.0
   Compiling datafusion-datasource-json v55.1.0
   Compiling datafusion-datasource-csv v55.1.0
   Compiling datafusion-datasource-parquet v55.1.0
   Compiling datafusion-physical-optimizer v55.1.0
   Compiling datafusion-functions-table v55.1.0
   Compiling datafusion-catalog-listing v55.1.0
   Compiling datafusion v55.0.0
   Compiling consumer_b v0.1.0 (/home/pepe/scratch/burrmill-footprint/B)
    Finished `test` profile [unoptimized] target(s) in 2m 05s
  Executable unittests src/lib.rs (target-nodebug/debug/deps/consumer-351b25b7f99b4536)
  Executable unittests src/main.rs (target-nodebug/debug/deps/consumer_bin-561ed371edfdf124)
  Executable tests/t01.rs (target-nodebug/debug/deps/t01-5abcd4cdfa9537d1)
  Executable tests/t02.rs (target-nodebug/debug/deps/t02-a533ef72f5cd35bb)
  Executable tests/t03.rs (target-nodebug/debug/deps/t03-d17a4ecfeb3355ac)
  Executable tests/t04.rs (target-nodebug/debug/deps/t04-739173a3ca8e67d8)
  Executable tests/t05.rs (target-nodebug/debug/deps/t05-ab3cc06266f91222)
  Executable tests/t06.rs (target-nodebug/debug/deps/t06-427c0fe524a01db8)
  Executable tests/t07.rs (target-nodebug/debug/deps/t07-2ee6a212390ab1a6)
  Executable tests/t08.rs (target-nodebug/debug/deps/t08-f36a6c3fc8bb8b3d)
  Executable tests/t09.rs (target-nodebug/debug/deps/t09-50fba6c6ecd39e11)
  Executable tests/t10.rs (target-nodebug/debug/deps/t10-8112c05b8b9f4b82)
  Executable tests/t11.rs (target-nodebug/debug/deps/t11-282dec04d28075ea)
  Executable tests/t12.rs (target-nodebug/debug/deps/t12-85835294b600b2af)
  Executable tests/t13.rs (target-nodebug/debug/deps/t13-45a7debcc362347e)
  Executable tests/t14.rs (target-nodebug/debug/deps/t14-47de95f2d5895150)
  Executable tests/t15.rs (target-nodebug/debug/deps/t15-e36c4b07e48d92fa)
  Executable tests/t16.rs (target-nodebug/debug/deps/t16-73c4b55f9a99677e)
  Executable tests/t17.rs (target-nodebug/debug/deps/t17-c3b1793c2a32b252)
  Executable tests/t18.rs (target-nodebug/debug/deps/t18-95a9a741ab72b0fa)
  Executable tests/t19.rs (target-nodebug/debug/deps/t19-1a80959112728bba)
  Executable tests/t20.rs (target-nodebug/debug/deps/t20-6c4aa25dd572709a)
### nodebug_build_clean_j32: cargo build -j32
   Compiling proc-macro2 v1.0.107
   Compiling quote v1.0.47
   Compiling unicode-ident v1.0.24
   Compiling libc v0.2.189
   Compiling cfg-if v1.0.5
   Compiling shlex v2.0.1
   Compiling find-msvc-tools v0.1.12
   Compiling autocfg v1.5.1
   Compiling memchr v2.8.3
   Compiling libm v0.2.16
   Compiling version_check v0.9.5
   Compiling bytes v1.12.1
   Compiling zerocopy v0.8.57
   Compiling getrandom v0.3.4
   Compiling allocator-api2 v0.2.21
   Compiling itoa v1.0.18
   Compiling equivalent v1.0.2
   Compiling foldhash v0.2.0
   Compiling once_cell v1.21.4
   Compiling serde_core v1.0.229
   Compiling pkg-config v0.3.34
   Compiling zmij v1.0.23
   Compiling serde_json v1.0.151
   Compiling stable_deref_trait v1.2.1
   Compiling siphasher v1.0.3
   Compiling iana-time-zone v0.1.65
   Compiling chrono-tz v0.10.4
   Compiling pin-project-lite v0.2.17
   Compiling lexical-util v1.0.7
   Compiling object v0.39.1
   Compiling futures-sink v0.3.34
   Compiling writeable v0.6.4
   Compiling futures-core v0.3.34
   Compiling litemap v0.8.3
   Compiling smallvec v1.16.1
   Compiling utf8_iter v1.0.4
   Compiling icu_normalizer_data v2.3.0
   Compiling icu_properties_data v2.3.0
   Compiling semver v1.0.28
   Compiling futures-channel v0.3.34
   Compiling futures-io v0.3.34
   Compiling phf_shared v0.12.1
   Compiling zstd-safe v7.3.0
   Compiling parking_lot_core v0.9.12
   Compiling futures-task v0.3.34
   Compiling bitflags v2.13.2
   Compiling crc32fast v1.5.2
   Compiling slab v0.4.12
   Compiling unicode-width v0.2.2
   Compiling regex-syntax v0.8.11
   Compiling scopeguard v1.2.0
   Compiling unicode-segmentation v1.13.3
   Compiling adler2 v2.0.1
   Compiling ryu v1.0.23
   Compiling simd-adler32 v0.3.10
   Compiling ahash v0.8.12
   Compiling phf v0.12.1
   Compiling base64 v0.23.1
   Compiling lock_api v0.4.14
   Compiling alloc-no-stdlib v2.0.4
   Compiling zlib-rs v0.6.8
   Compiling getrandom v0.4.3
   Compiling twox-hash v2.1.4
   Compiling percent-encoding v2.3.2
   Compiling thiserror v2.0.20
   Compiling rustc_version v0.4.1
   Compiling either v1.18.0
   Compiling hashbrown v0.17.1
   Compiling alloc-stdlib v0.2.4
   Compiling tracing-core v0.1.36
   Compiling lexical-parse-integer v1.0.6
   Compiling lexical-write-integer v1.0.6
   Compiling simdutf8 v0.1.5
   Compiling num-traits v0.2.19
   Compiling same-file v1.0.6
   Compiling miniz_oxide v0.9.1
   Compiling form_urlencoded v1.2.2
   Compiling lz4_flex v0.14.0
   Compiling snap v1.1.2
   Compiling brotli-decompressor v5.0.3
   Compiling log v0.4.34
   Compiling humantime v2.4.0
   Compiling seq-macro v0.3.6
   Compiling walkdir v2.5.0
   Compiling itertools v0.14.0
   Compiling lexical-parse-float v1.0.6
   Compiling http v1.5.0
   Compiling aho-corasick v1.1.5
   Compiling csv-core v0.1.13
   Compiling itertools v0.15.0
   Compiling typenum v1.20.1
   Compiling datafusion-doc v55.1.0
   Compiling flatbuffers v25.12.19
   Compiling generic-array v0.14.7
   Compiling foldhash v0.1.5
   Compiling comfy-table v7.2.2
   Compiling lexical-write-float v1.0.6
   Compiling crossbeam-utils v0.8.23
   Compiling rustix v1.1.4
   Compiling hashbrown v0.15.5
   Compiling linux-raw-sys v0.12.1
   Compiling fixedbitset v0.5.7
   Compiling const-oid v0.10.2
   Compiling hashbrown v0.14.5
   Compiling fastrand v2.5.0
   Compiling subtle v2.6.1
   Compiling cpufeatures v0.3.1
   Compiling syn v3.0.5
   Compiling syn v2.0.119
   Compiling lexical-core v1.0.6
   Compiling constant_time_eq v0.4.2
   Compiling arrayvec v0.7.8
   Compiling hex v0.4.3
   Compiling zstd-safe v8.0.0
   Compiling libbz2-rs-sys v0.2.5
   Compiling compression-core v0.4.33
   Compiling glob v0.3.4
   Compiling bigdecimal v0.4.10
   Compiling indexmap v2.14.2
   Compiling jobserver v0.1.35
   Compiling rand_core v0.9.5
   Compiling uuid v1.26.1
   Compiling cc v1.4.6
   Compiling parking_lot v0.12.5
   Compiling dashmap v6.2.1
   Compiling brotli v8.0.4
   Compiling bzip2 v0.6.1
   Compiling hybrid-array v0.4.15
   Compiling num-integer v0.1.47
   Compiling chrono v0.4.45
   Compiling num-complex v0.4.6
   Compiling atoi v2.0.0
   Compiling crypto-common v0.2.2
   Compiling block-buffer v0.12.1
   Compiling block-buffer v0.10.4
   Compiling crypto-common v0.1.7
   Compiling petgraph v0.8.3
   Compiling digest v0.10.7
   Compiling num-bigint v0.5.1
   Compiling num-bigint v0.4.8
   Compiling blake2 v0.10.6
   Compiling regex-automata v0.4.18
   Compiling digest v0.11.3
   Compiling zstd-sys v2.1.0+zstd.1.5.7
   Compiling stacker v0.1.25
   Compiling blake3 v1.8.7
   Compiling liblzma-sys v0.4.9
   Compiling md-5 v0.11.0
   Compiling sha2 v0.11.0
   Compiling csv v1.4.0
   Compiling tempfile v3.27.0
   Compiling flate2 v1.1.10
   Compiling ar_archive_writer v0.5.3
   Compiling arrow-schema v59.3.0
   Compiling synstructure v0.14.0
   Compiling psm v0.1.32
   Compiling zerocopy-derive v0.8.57
   Compiling tracing-attributes v0.1.31
   Compiling recursive-proc-macro-impl v0.1.1
   Compiling sqlparser_derive v0.5.0
   Compiling pin-project-internal v1.1.13
   Compiling zerofrom-derive v0.1.8
   Compiling yoke-derive v0.8.3
   Compiling zerovec-derive v0.11.6
   Compiling displaydoc v0.2.7
   Compiling tokio-macros v2.7.2
   Compiling futures-macro v0.3.34
   Compiling thiserror-impl v2.0.20
   Compiling async-trait v0.1.92
   Compiling datafusion-macros v55.1.0
   Compiling recursive v0.1.1
   Compiling regex v1.13.1
   Compiling sqlparser v0.62.0
   Compiling liblzma v0.4.8
   Compiling futures-util v0.3.34
   Compiling tokio v1.53.1
   Compiling tracing v0.1.44
   Compiling pin-project v1.1.13
   Compiling zerofrom v0.1.8
   Compiling yoke v0.8.3
   Compiling zerovec v0.11.8
   Compiling zerotrie v0.2.5
   Compiling tinystr v0.8.4
   Compiling potential_utf v0.1.6
   Compiling icu_collections v2.3.0
   Compiling icu_locale_core v2.3.0
   Compiling zstd v0.14.0
   Compiling icu_provider v2.3.1
   Compiling zstd v0.13.3
   Compiling compression-codecs v0.4.42
   Compiling icu_normalizer v2.3.0
   Compiling icu_properties v2.3.0
   Compiling futures-executor v0.3.34
   Compiling futures v0.3.34
   Compiling tokio-util v0.7.19
   Compiling datafusion-common-runtime v55.1.0
   Compiling async-compression v0.4.47
   Compiling idna_adapter v1.2.2
   Compiling idna v1.1.0
   Compiling half v2.7.1
   Compiling ppv-lite86 v0.2.21
   Compiling tokio-stream v0.1.19
   Compiling url v2.5.8
   Compiling arrow-buffer v59.3.0
   Compiling rand_chacha v0.9.0
   Compiling rand v0.9.5
   Compiling object_store v0.13.2
   Compiling arrow-data v59.3.0
   Compiling arrow-array v59.3.0
   Compiling arrow-select v59.3.0
   Compiling arrow-row v59.3.0
   Compiling arrow-arith v59.3.0
   Compiling arrow-ord v59.3.0
   Compiling arrow-ipc v59.3.0
   Compiling arrow-string v59.3.0
   Compiling parquet v59.3.0
   Compiling arrow-cast v59.3.0
   Compiling arrow-json v59.3.0
   Compiling arrow-csv v59.3.0
   Compiling arrow v59.3.0
   Compiling datafusion-common v55.1.0
   Compiling datafusion-expr-common v55.1.0
   Compiling datafusion-physical-expr-common v55.1.0
   Compiling datafusion-functions-aggregate-common v55.1.0
   Compiling datafusion-functions-window-common v55.1.0
   Compiling datafusion-expr v55.1.0
   Compiling datafusion-physical-expr v55.1.0
   Compiling datafusion-execution v55.1.0
   Compiling datafusion-functions v55.1.0
   Compiling datafusion-functions-aggregate v55.1.0
   Compiling datafusion-functions-window v55.1.0
   Compiling datafusion-optimizer v55.1.0
   Compiling datafusion-physical-plan v55.1.0
   Compiling datafusion-physical-expr-adapter v55.1.0
   Compiling datafusion-functions-nested v55.1.0
   Compiling datafusion-sql v55.1.0
   Compiling datafusion-session v55.1.0
   Compiling datafusion-datasource v55.1.0
   Compiling datafusion-pruning v55.1.0
   Compiling datafusion-catalog v55.1.0
   Compiling datafusion-datasource-arrow v55.1.0
   Compiling datafusion-datasource-json v55.1.0
   Compiling datafusion-datasource-csv v55.1.0
   Compiling datafusion-datasource-parquet v55.1.0
   Compiling datafusion-physical-optimizer v55.1.0
   Compiling datafusion-functions-table v55.1.0
   Compiling datafusion-catalog-listing v55.1.0
   Compiling datafusion v55.0.0
   Compiling consumer_b v0.1.0 (/home/pepe/scratch/burrmill-footprint/B)
    Finished `dev` profile [unoptimized] target(s) in 1m 58s
### nodebug_test_clean_j32: cargo test --no-run -j32
   Compiling proc-macro2 v1.0.107
   Compiling quote v1.0.47
   Compiling unicode-ident v1.0.24
   Compiling libc v0.2.189
   Compiling cfg-if v1.0.5
   Compiling find-msvc-tools v0.1.12
   Compiling shlex v2.0.1
   Compiling autocfg v1.5.1
   Compiling memchr v2.8.3
   Compiling libm v0.2.16
   Compiling version_check v0.9.5
   Compiling bytes v1.12.1
   Compiling zerocopy v0.8.57
   Compiling equivalent v1.0.2
   Compiling getrandom v0.3.4
   Compiling foldhash v0.2.0
   Compiling pkg-config v0.3.34
   Compiling once_cell v1.21.4
   Compiling allocator-api2 v0.2.21
   Compiling serde_core v1.0.229
   Compiling itoa v1.0.18
   Compiling zmij v1.0.23
   Compiling serde_json v1.0.151
   Compiling siphasher v1.0.3
   Compiling iana-time-zone v0.1.65
   Compiling stable_deref_trait v1.2.1
   Compiling chrono-tz v0.10.4
   Compiling pin-project-lite v0.2.17
   Compiling lexical-util v1.0.7
   Compiling futures-core v0.3.34
   Compiling smallvec v1.16.1
   Compiling writeable v0.6.4
   Compiling futures-sink v0.3.34
   Compiling litemap v0.8.3
   Compiling object v0.39.1
   Compiling icu_normalizer_data v2.3.0
   Compiling icu_properties_data v2.3.0
   Compiling utf8_iter v1.0.4
   Compiling semver v1.0.28
   Compiling phf_shared v0.12.1
   Compiling futures-channel v0.3.34
   Compiling slab v0.4.12
   Compiling crc32fast v1.5.2
   Compiling futures-io v0.3.34
   Compiling zstd-safe v7.3.0
   Compiling bitflags v2.13.2
   Compiling parking_lot_core v0.9.12
   Compiling futures-task v0.3.34
   Compiling simd-adler32 v0.3.10
   Compiling adler2 v2.0.1
   Compiling unicode-width v0.2.2
   Compiling regex-syntax v0.8.11
   Compiling ryu v1.0.23
   Compiling scopeguard v1.2.0
   Compiling ahash v0.8.12
   Compiling phf v0.12.1
   Compiling unicode-segmentation v1.13.3
   Compiling base64 v0.23.1
   Compiling percent-encoding v2.3.2
   Compiling thiserror v2.0.20
   Compiling getrandom v0.4.3
   Compiling alloc-no-stdlib v2.0.4
   Compiling lock_api v0.4.14
   Compiling hashbrown v0.17.1
   Compiling rustc_version v0.4.1
   Compiling zlib-rs v0.6.8
   Compiling twox-hash v2.1.4
   Compiling num-traits v0.2.19
   Compiling miniz_oxide v0.9.1
   Compiling either v1.18.0
   Compiling alloc-stdlib v0.2.4
   Compiling tracing-core v0.1.36
   Compiling simdutf8 v0.1.5
   Compiling form_urlencoded v1.2.2
   Compiling snap v1.1.2
   Compiling same-file v1.0.6
   Compiling log v0.4.34
   Compiling humantime v2.4.0
   Compiling lexical-write-integer v1.0.6
   Compiling lexical-parse-integer v1.0.6
   Compiling lz4_flex v0.14.0
   Compiling walkdir v2.5.0
   Compiling brotli-decompressor v5.0.3
   Compiling seq-macro v0.3.6
   Compiling typenum v1.20.1
   Compiling aho-corasick v1.1.5
   Compiling csv-core v0.1.13
   Compiling datafusion-doc v55.1.0
   Compiling generic-array v0.14.7
   Compiling itertools v0.14.0
   Compiling itertools v0.15.0
   Compiling rustix v1.1.4
   Compiling lexical-parse-float v1.0.6
   Compiling flatbuffers v25.12.19
   Compiling comfy-table v7.2.2
   Compiling http v1.5.0
   Compiling lexical-write-float v1.0.6
   Compiling foldhash v0.1.5
   Compiling crossbeam-utils v0.8.23
   Compiling linux-raw-sys v0.12.1
   Compiling fixedbitset v0.5.7
   Compiling hashbrown v0.14.5
   Compiling hashbrown v0.15.5
   Compiling fastrand v2.5.0
   Compiling const-oid v0.10.2
   Compiling subtle v2.6.1
   Compiling syn v3.0.5
   Compiling syn v2.0.119
   Compiling cpufeatures v0.3.1
   Compiling constant_time_eq v0.4.2
   Compiling indexmap v2.14.2
   Compiling lexical-core v1.0.6
   Compiling arrayvec v0.7.8
   Compiling hex v0.4.3
   Compiling zstd-safe v8.0.0
   Compiling libbz2-rs-sys v0.2.5
   Compiling compression-core v0.4.33
   Compiling glob v0.3.4
   Compiling bigdecimal v0.4.10
   Compiling jobserver v0.1.35
   Compiling uuid v1.26.1
   Compiling rand_core v0.9.5
   Compiling cc v1.4.6
   Compiling parking_lot v0.12.5
   Compiling dashmap v6.2.1
   Compiling brotli v8.0.4
   Compiling hybrid-array v0.4.15
   Compiling bzip2 v0.6.1
   Compiling num-integer v0.1.47
   Compiling chrono v0.4.45
   Compiling num-complex v0.4.6
   Compiling atoi v2.0.0
   Compiling petgraph v0.8.3
   Compiling block-buffer v0.10.4
   Compiling crypto-common v0.1.7
   Compiling num-bigint v0.5.1
   Compiling num-bigint v0.4.8
   Compiling block-buffer v0.12.1
   Compiling crypto-common v0.2.2
   Compiling digest v0.10.7
   Compiling blake2 v0.10.6
   Compiling tempfile v3.27.0
   Compiling regex-automata v0.4.18
   Compiling digest v0.11.3
   Compiling md-5 v0.11.0
   Compiling sha2 v0.11.0
   Compiling csv v1.4.0
   Compiling zstd-sys v2.1.0+zstd.1.5.7
   Compiling stacker v0.1.25
   Compiling blake3 v1.8.7
   Compiling liblzma-sys v0.4.9
   Compiling arrow-schema v59.3.0
   Compiling zerocopy-derive v0.8.57
   Compiling tracing-attributes v0.1.31
   Compiling recursive-proc-macro-impl v0.1.1
   Compiling sqlparser_derive v0.5.0
   Compiling pin-project-internal v1.1.13
   Compiling liblzma v0.4.8
   Compiling regex v1.13.1
   Compiling flate2 v1.1.10
   Compiling ar_archive_writer v0.5.3
   Compiling tracing v0.1.44
   Compiling pin-project v1.1.13
   Compiling synstructure v0.14.0
   Compiling psm v0.1.32
   Compiling zerofrom-derive v0.1.8
   Compiling yoke-derive v0.8.3
   Compiling zerovec-derive v0.11.6
   Compiling displaydoc v0.2.7
   Compiling tokio-macros v2.7.2
   Compiling futures-macro v0.3.34
   Compiling thiserror-impl v2.0.20
   Compiling async-trait v0.1.92
   Compiling datafusion-macros v55.1.0
   Compiling recursive v0.1.1
   Compiling sqlparser v0.62.0
   Compiling tokio v1.53.1
   Compiling futures-util v0.3.34
   Compiling zerofrom v0.1.8
   Compiling yoke v0.8.3
   Compiling zerovec v0.11.8
   Compiling zerotrie v0.2.5
   Compiling zstd v0.14.0
   Compiling zstd v0.13.3
   Compiling tinystr v0.8.4
   Compiling potential_utf v0.1.6
   Compiling icu_collections v2.3.0
   Compiling compression-codecs v0.4.42
   Compiling icu_locale_core v2.3.0
   Compiling icu_provider v2.3.1
   Compiling icu_normalizer v2.3.0
   Compiling icu_properties v2.3.0
   Compiling half v2.7.1
   Compiling ppv-lite86 v0.2.21
   Compiling futures-executor v0.3.34
   Compiling futures v0.3.34
   Compiling arrow-buffer v59.3.0
   Compiling rand_chacha v0.9.0
   Compiling rand v0.9.5
   Compiling tokio-util v0.7.19
   Compiling datafusion-common-runtime v55.1.0
   Compiling async-compression v0.4.47
   Compiling idna_adapter v1.2.2
   Compiling idna v1.1.0
   Compiling arrow-data v59.3.0
   Compiling tokio-stream v0.1.19
   Compiling url v2.5.8
   Compiling object_store v0.13.2
   Compiling arrow-array v59.3.0
   Compiling arrow-select v59.3.0
   Compiling arrow-arith v59.3.0
   Compiling arrow-row v59.3.0
   Compiling arrow-ord v59.3.0
   Compiling arrow-ipc v59.3.0
   Compiling arrow-string v59.3.0
   Compiling parquet v59.3.0
   Compiling arrow-cast v59.3.0
   Compiling arrow-csv v59.3.0
   Compiling arrow-json v59.3.0
   Compiling arrow v59.3.0
   Compiling datafusion-common v55.1.0
   Compiling datafusion-expr-common v55.1.0
   Compiling datafusion-physical-expr-common v55.1.0
   Compiling datafusion-functions-window-common v55.1.0
   Compiling datafusion-functions-aggregate-common v55.1.0
   Compiling datafusion-expr v55.1.0
   Compiling datafusion-physical-expr v55.1.0
   Compiling datafusion-execution v55.1.0
   Compiling datafusion-functions v55.1.0
   Compiling datafusion-functions-aggregate v55.1.0
   Compiling datafusion-functions-window v55.1.0
   Compiling datafusion-optimizer v55.1.0
   Compiling datafusion-physical-plan v55.1.0
   Compiling datafusion-physical-expr-adapter v55.1.0
   Compiling datafusion-functions-nested v55.1.0
   Compiling datafusion-sql v55.1.0
   Compiling datafusion-session v55.1.0
   Compiling datafusion-datasource v55.1.0
   Compiling datafusion-pruning v55.1.0
   Compiling datafusion-catalog v55.1.0
   Compiling datafusion-datasource-csv v55.1.0
   Compiling datafusion-datasource-arrow v55.1.0
   Compiling datafusion-datasource-json v55.1.0
   Compiling datafusion-datasource-parquet v55.1.0
   Compiling datafusion-physical-optimizer v55.1.0
   Compiling datafusion-catalog-listing v55.1.0
   Compiling datafusion-functions-table v55.1.0
   Compiling datafusion v55.0.0
   Compiling consumer_b v0.1.0 (/home/pepe/scratch/burrmill-footprint/B)
    Finished `test` profile [unoptimized] target(s) in 2m 01s
  Executable unittests src/lib.rs (target-nodebug/debug/deps/consumer-351b25b7f99b4536)
  Executable unittests src/main.rs (target-nodebug/debug/deps/consumer_bin-561ed371edfdf124)
  Executable tests/t01.rs (target-nodebug/debug/deps/t01-5abcd4cdfa9537d1)
  Executable tests/t02.rs (target-nodebug/debug/deps/t02-a533ef72f5cd35bb)
  Executable tests/t03.rs (target-nodebug/debug/deps/t03-d17a4ecfeb3355ac)
  Executable tests/t04.rs (target-nodebug/debug/deps/t04-739173a3ca8e67d8)
  Executable tests/t05.rs (target-nodebug/debug/deps/t05-ab3cc06266f91222)
  Executable tests/t06.rs (target-nodebug/debug/deps/t06-427c0fe524a01db8)
  Executable tests/t07.rs (target-nodebug/debug/deps/t07-2ee6a212390ab1a6)
  Executable tests/t08.rs (target-nodebug/debug/deps/t08-f36a6c3fc8bb8b3d)
  Executable tests/t09.rs (target-nodebug/debug/deps/t09-50fba6c6ecd39e11)
  Executable tests/t10.rs (target-nodebug/debug/deps/t10-8112c05b8b9f4b82)
  Executable tests/t11.rs (target-nodebug/debug/deps/t11-282dec04d28075ea)
  Executable tests/t12.rs (target-nodebug/debug/deps/t12-85835294b600b2af)
  Executable tests/t13.rs (target-nodebug/debug/deps/t13-45a7debcc362347e)
  Executable tests/t14.rs (target-nodebug/debug/deps/t14-47de95f2d5895150)
  Executable tests/t15.rs (target-nodebug/debug/deps/t15-e36c4b07e48d92fa)
  Executable tests/t16.rs (target-nodebug/debug/deps/t16-73c4b55f9a99677e)
  Executable tests/t17.rs (target-nodebug/debug/deps/t17-c3b1793c2a32b252)
  Executable tests/t18.rs (target-nodebug/debug/deps/t18-95a9a741ab72b0fa)
  Executable tests/t19.rs (target-nodebug/debug/deps/t19-1a80959112728bba)
  Executable tests/t20.rs (target-nodebug/debug/deps/t20-6c4aa25dd572709a)
### nodebug_incr_lib_test: cargo test --no-run -j32
   Compiling consumer_b v0.1.0 (/home/pepe/scratch/burrmill-footprint/B)
    Finished `test` profile [unoptimized] target(s) in 4.54s
  Executable unittests src/lib.rs (target-nodebug/debug/deps/consumer-351b25b7f99b4536)
  Executable unittests src/main.rs (target-nodebug/debug/deps/consumer_bin-561ed371edfdf124)
  Executable tests/t01.rs (target-nodebug/debug/deps/t01-5abcd4cdfa9537d1)
  Executable tests/t02.rs (target-nodebug/debug/deps/t02-a533ef72f5cd35bb)
  Executable tests/t03.rs (target-nodebug/debug/deps/t03-d17a4ecfeb3355ac)
  Executable tests/t04.rs (target-nodebug/debug/deps/t04-739173a3ca8e67d8)
  Executable tests/t05.rs (target-nodebug/debug/deps/t05-ab3cc06266f91222)
  Executable tests/t06.rs (target-nodebug/debug/deps/t06-427c0fe524a01db8)
  Executable tests/t07.rs (target-nodebug/debug/deps/t07-2ee6a212390ab1a6)
  Executable tests/t08.rs (target-nodebug/debug/deps/t08-f36a6c3fc8bb8b3d)
  Executable tests/t09.rs (target-nodebug/debug/deps/t09-50fba6c6ecd39e11)
  Executable tests/t10.rs (target-nodebug/debug/deps/t10-8112c05b8b9f4b82)
  Executable tests/t11.rs (target-nodebug/debug/deps/t11-282dec04d28075ea)
  Executable tests/t12.rs (target-nodebug/debug/deps/t12-85835294b600b2af)
  Executable tests/t13.rs (target-nodebug/debug/deps/t13-45a7debcc362347e)
  Executable tests/t14.rs (target-nodebug/debug/deps/t14-47de95f2d5895150)
  Executable tests/t15.rs (target-nodebug/debug/deps/t15-e36c4b07e48d92fa)
  Executable tests/t16.rs (target-nodebug/debug/deps/t16-73c4b55f9a99677e)
  Executable tests/t17.rs (target-nodebug/debug/deps/t17-c3b1793c2a32b252)
  Executable tests/t18.rs (target-nodebug/debug/deps/t18-95a9a741ab72b0fa)
  Executable tests/t19.rs (target-nodebug/debug/deps/t19-1a80959112728bba)
  Executable tests/t20.rs (target-nodebug/debug/deps/t20-6c4aa25dd572709a)
### nodebug_incr_lib_build: cargo build -j32
   Compiling consumer_b v0.1.0 (/home/pepe/scratch/burrmill-footprint/B)
    Finished `dev` profile [unoptimized] target(s) in 1.34s
### nodebug_incr_test_test: cargo test --no-run -j32
   Compiling consumer_b v0.1.0 (/home/pepe/scratch/burrmill-footprint/B)
    Finished `test` profile [unoptimized] target(s) in 4.34s
  Executable unittests src/lib.rs (target-nodebug/debug/deps/consumer-351b25b7f99b4536)
  Executable unittests src/main.rs (target-nodebug/debug/deps/consumer_bin-561ed371edfdf124)
  Executable tests/t01.rs (target-nodebug/debug/deps/t01-5abcd4cdfa9537d1)
  Executable tests/t02.rs (target-nodebug/debug/deps/t02-a533ef72f5cd35bb)
  Executable tests/t03.rs (target-nodebug/debug/deps/t03-d17a4ecfeb3355ac)
  Executable tests/t04.rs (target-nodebug/debug/deps/t04-739173a3ca8e67d8)
  Executable tests/t05.rs (target-nodebug/debug/deps/t05-ab3cc06266f91222)
  Executable tests/t06.rs (target-nodebug/debug/deps/t06-427c0fe524a01db8)
  Executable tests/t07.rs (target-nodebug/debug/deps/t07-2ee6a212390ab1a6)
  Executable tests/t08.rs (target-nodebug/debug/deps/t08-f36a6c3fc8bb8b3d)
  Executable tests/t09.rs (target-nodebug/debug/deps/t09-50fba6c6ecd39e11)
  Executable tests/t10.rs (target-nodebug/debug/deps/t10-8112c05b8b9f4b82)
  Executable tests/t11.rs (target-nodebug/debug/deps/t11-282dec04d28075ea)
  Executable tests/t12.rs (target-nodebug/debug/deps/t12-85835294b600b2af)
  Executable tests/t13.rs (target-nodebug/debug/deps/t13-45a7debcc362347e)
  Executable tests/t14.rs (target-nodebug/debug/deps/t14-47de95f2d5895150)
  Executable tests/t15.rs (target-nodebug/debug/deps/t15-e36c4b07e48d92fa)
  Executable tests/t16.rs (target-nodebug/debug/deps/t16-73c4b55f9a99677e)
  Executable tests/t17.rs (target-nodebug/debug/deps/t17-c3b1793c2a32b252)
  Executable tests/t18.rs (target-nodebug/debug/deps/t18-95a9a741ab72b0fa)
  Executable tests/t19.rs (target-nodebug/debug/deps/t19-1a80959112728bba)
  Executable tests/t20.rs (target-nodebug/debug/deps/t20-6c4aa25dd572709a)
### release_build_j32: cargo build --release -j32
   Compiling proc-macro2 v1.0.107
   Compiling unicode-ident v1.0.24
   Compiling quote v1.0.47
   Compiling libc v0.2.189
   Compiling cfg-if v1.0.5
   Compiling find-msvc-tools v0.1.12
   Compiling shlex v2.0.1
   Compiling autocfg v1.5.1
   Compiling libm v0.2.16
   Compiling memchr v2.8.3
   Compiling version_check v0.9.5
   Compiling bytes v1.12.1
   Compiling zerocopy v0.8.57
   Compiling serde_core v1.0.229
   Compiling once_cell v1.21.4
   Compiling allocator-api2 v0.2.21
   Compiling pkg-config v0.3.34
   Compiling equivalent v1.0.2
   Compiling getrandom v0.3.4
   Compiling itoa v1.0.18
   Compiling foldhash v0.2.0
   Compiling zmij v1.0.23
   Compiling serde_json v1.0.151
   Compiling stable_deref_trait v1.2.1
   Compiling siphasher v1.0.3
   Compiling iana-time-zone v0.1.65
   Compiling chrono-tz v0.10.4
   Compiling pin-project-lite v0.2.17
   Compiling object v0.39.1
   Compiling lexical-util v1.0.7
   Compiling futures-sink v0.3.34
   Compiling litemap v0.8.3
   Compiling smallvec v1.16.1
   Compiling writeable v0.6.4
   Compiling futures-core v0.3.34
   Compiling icu_normalizer_data v2.3.0
   Compiling icu_properties_data v2.3.0
   Compiling utf8_iter v1.0.4
   Compiling semver v1.0.28
   Compiling futures-channel v0.3.34
   Compiling zstd-safe v7.3.0
   Compiling phf_shared v0.12.1
   Compiling futures-task v0.3.34
   Compiling crc32fast v1.5.2
   Compiling bitflags v2.13.2
   Compiling futures-io v0.3.34
   Compiling parking_lot_core v0.9.12
   Compiling ahash v0.8.12
   Compiling slab v0.4.12
   Compiling scopeguard v1.2.0
   Compiling unicode-segmentation v1.13.3
   Compiling simd-adler32 v0.3.10
   Compiling adler2 v2.0.1
   Compiling ryu v1.0.23
   Compiling regex-syntax v0.8.11
   Compiling phf v0.12.1
   Compiling num-traits v0.2.19
   Compiling unicode-width v0.2.2
   Compiling base64 v0.23.1
   Compiling rustc_version v0.4.1
   Compiling lock_api v0.4.14
   Compiling alloc-no-stdlib v2.0.4
   Compiling twox-hash v2.1.4
   Compiling miniz_oxide v0.9.1
   Compiling percent-encoding v2.3.2
   Compiling getrandom v0.4.3
   Compiling thiserror v2.0.20
   Compiling hashbrown v0.17.1
   Compiling lexical-write-integer v1.0.6
   Compiling lexical-parse-integer v1.0.6
   Compiling either v1.18.0
   Compiling zlib-rs v0.6.8
   Compiling lz4_flex v0.14.0
   Compiling form_urlencoded v1.2.2
   Compiling alloc-stdlib v0.2.4
   Compiling tracing-core v0.1.36
   Compiling snap v1.1.2
   Compiling aho-corasick v1.1.5
   Compiling csv-core v0.1.13
   Compiling simdutf8 v0.1.5
   Compiling same-file v1.0.6
   Compiling flatbuffers v25.12.19
   Compiling lexical-parse-float v1.0.6
   Compiling brotli-decompressor v5.0.3
   Compiling humantime v2.4.0
   Compiling comfy-table v7.2.2
   Compiling http v1.5.0
   Compiling lexical-write-float v1.0.6
   Compiling itertools v0.14.0
   Compiling walkdir v2.5.0
   Compiling log v0.4.34
   Compiling seq-macro v0.3.6
   Compiling syn v3.0.5
   Compiling syn v2.0.119
   Compiling itertools v0.15.0
   Compiling typenum v1.20.1
   Compiling generic-array v0.14.7
   Compiling datafusion-doc v55.1.0
   Compiling lexical-core v1.0.6
   Compiling rustix v1.1.4
   Compiling foldhash v0.1.5
   Compiling crossbeam-utils v0.8.23
   Compiling fixedbitset v0.5.7
   Compiling linux-raw-sys v0.12.1
   Compiling fastrand v2.5.0
   Compiling hashbrown v0.15.5
   Compiling hashbrown v0.14.5
   Compiling indexmap v2.14.2
   Compiling jobserver v0.1.35
   Compiling uuid v1.26.1
   Compiling rand_core v0.9.5
   Compiling const-oid v0.10.2
   Compiling cpufeatures v0.3.1
   Compiling parking_lot v0.12.5
   Compiling subtle v2.6.1
   Compiling cc v1.4.6
   Compiling brotli v8.0.4
   Compiling constant_time_eq v0.4.2
   Compiling arrayvec v0.7.8
   Compiling hex v0.4.3
   Compiling zstd-safe v8.0.0
   Compiling libbz2-rs-sys v0.2.5
   Compiling compression-core v0.4.33
   Compiling glob v0.3.4
   Compiling bigdecimal v0.4.10
   Compiling num-integer v0.1.47
   Compiling chrono v0.4.45
   Compiling num-complex v0.4.6
   Compiling atoi v2.0.0
   Compiling hybrid-array v0.4.15
   Compiling regex-automata v0.4.18
   Compiling dashmap v6.2.1
   Compiling petgraph v0.8.3
   Compiling bzip2 v0.6.1
   Compiling num-bigint v0.5.1
   Compiling crypto-common v0.2.2
   Compiling block-buffer v0.12.1
   Compiling num-bigint v0.4.8
   Compiling block-buffer v0.10.4
   Compiling crypto-common v0.1.7
   Compiling digest v0.10.7
   Compiling flate2 v1.1.10
   Compiling csv v1.4.0
   Compiling blake2 v0.10.6
   Compiling zstd-sys v2.1.0+zstd.1.5.7
   Compiling stacker v0.1.25
   Compiling blake3 v1.8.7
   Compiling tempfile v3.27.0
   Compiling digest v0.11.3
   Compiling liblzma-sys v0.4.9
   Compiling sha2 v0.11.0
   Compiling md-5 v0.11.0
   Compiling arrow-schema v59.3.0
   Compiling ar_archive_writer v0.5.3
   Compiling synstructure v0.14.0
   Compiling regex v1.13.1
   Compiling psm v0.1.32
   Compiling zerocopy-derive v0.8.57
   Compiling tracing-attributes v0.1.31
   Compiling recursive-proc-macro-impl v0.1.1
   Compiling sqlparser_derive v0.5.0
   Compiling pin-project-internal v1.1.13
   Compiling zerofrom-derive v0.1.8
   Compiling yoke-derive v0.8.3
   Compiling zerovec-derive v0.11.6
   Compiling displaydoc v0.2.7
   Compiling tokio-macros v2.7.2
   Compiling futures-macro v0.3.34
   Compiling thiserror-impl v2.0.20
   Compiling async-trait v0.1.92
   Compiling datafusion-macros v55.1.0
   Compiling recursive v0.1.1
   Compiling sqlparser v0.62.0
   Compiling tracing v0.1.44
   Compiling tokio v1.53.1
   Compiling zerofrom v0.1.8
   Compiling futures-util v0.3.34
   Compiling pin-project v1.1.13
   Compiling yoke v0.8.3
   Compiling zerovec v0.11.8
   Compiling zerotrie v0.2.5
   Compiling tinystr v0.8.4
   Compiling potential_utf v0.1.6
   Compiling icu_locale_core v2.3.0
   Compiling icu_collections v2.3.0
   Compiling liblzma v0.4.8
   Compiling icu_provider v2.3.1
   Compiling icu_properties v2.3.0
   Compiling icu_normalizer v2.3.0
   Compiling futures-executor v0.3.34
   Compiling futures v0.3.34
   Compiling idna_adapter v1.2.2
   Compiling idna v1.1.0
   Compiling half v2.7.1
   Compiling ppv-lite86 v0.2.21
   Compiling url v2.5.8
   Compiling rand_chacha v0.9.0
   Compiling arrow-buffer v59.3.0
   Compiling tokio-util v0.7.19
   Compiling datafusion-common-runtime v55.1.0
   Compiling rand v0.9.5
   Compiling object_store v0.13.2
   Compiling tokio-stream v0.1.19
   Compiling arrow-data v59.3.0
   Compiling arrow-array v59.3.0
   Compiling arrow-select v59.3.0
   Compiling arrow-row v59.3.0
   Compiling arrow-arith v59.3.0
   Compiling arrow-ord v59.3.0
   Compiling arrow-string v59.3.0
   Compiling zstd v0.13.3
   Compiling zstd v0.14.0
   Compiling arrow-cast v59.3.0
   Compiling arrow-ipc v59.3.0
   Compiling compression-codecs v0.4.42
   Compiling async-compression v0.4.47
   Compiling parquet v59.3.0
   Compiling arrow-json v59.3.0
   Compiling arrow-csv v59.3.0
   Compiling arrow v59.3.0
   Compiling datafusion-common v55.1.0
   Compiling datafusion-expr-common v55.1.0
   Compiling datafusion-physical-expr-common v55.1.0
   Compiling datafusion-functions-aggregate-common v55.1.0
   Compiling datafusion-functions-window-common v55.1.0
   Compiling datafusion-expr v55.1.0
   Compiling datafusion-physical-expr v55.1.0
   Compiling datafusion-execution v55.1.0
   Compiling datafusion-functions v55.1.0
   Compiling datafusion-functions-aggregate v55.1.0
   Compiling datafusion-optimizer v55.1.0
   Compiling datafusion-functions-window v55.1.0
   Compiling datafusion-physical-plan v55.1.0
   Compiling datafusion-physical-expr-adapter v55.1.0
   Compiling datafusion-functions-nested v55.1.0
   Compiling datafusion-sql v55.1.0
   Compiling datafusion-session v55.1.0
   Compiling datafusion-datasource v55.1.0
   Compiling datafusion-catalog v55.1.0
   Compiling datafusion-pruning v55.1.0
   Compiling datafusion-datasource-parquet v55.1.0
   Compiling datafusion-physical-optimizer v55.1.0
   Compiling datafusion-datasource-arrow v55.1.0
   Compiling datafusion-datasource-csv v55.1.0
   Compiling datafusion-datasource-json v55.1.0
   Compiling datafusion-catalog-listing v55.1.0
   Compiling datafusion-functions-table v55.1.0
   Compiling datafusion v55.0.0
   Compiling consumer_b v0.1.0 (/home/pepe/scratch/burrmill-footprint/B)
    Finished `release` profile [optimized] target(s) in 3m 17s
### musl_build: cargo build --release --target x86_64-unknown-linux-musl -j32
   Compiling proc-macro2 v1.0.107
   Compiling quote v1.0.47
   Compiling unicode-ident v1.0.24
   Compiling libc v0.2.189
   Compiling cfg-if v1.0.5
   Compiling find-msvc-tools v0.1.12
   Compiling shlex v2.0.1
   Compiling autocfg v1.5.1
   Compiling memchr v2.8.3
   Compiling libm v0.2.16
   Compiling version_check v0.9.5
   Compiling zerocopy v0.8.57
   Compiling bytes v1.12.1
   Compiling serde_core v1.0.229
   Compiling itoa v1.0.18
   Compiling pkg-config v0.3.34
   Compiling getrandom v0.3.4
   Compiling foldhash v0.2.0
   Compiling equivalent v1.0.2
   Compiling once_cell v1.21.4
   Compiling allocator-api2 v0.2.21
   Compiling zmij v1.0.23
   Compiling serde_json v1.0.151
   Compiling iana-time-zone v0.1.65
   Compiling stable_deref_trait v1.2.1
   Compiling siphasher v1.0.3
   Compiling chrono-tz v0.10.4
   Compiling pin-project-lite v0.2.17
   Compiling lexical-util v1.0.7
   Compiling futures-core v0.3.34
   Compiling object v0.39.1
   Compiling smallvec v1.16.1
   Compiling litemap v0.8.3
   Compiling writeable v0.6.4
   Compiling futures-sink v0.3.34
   Compiling icu_properties_data v2.3.0
   Compiling utf8_iter v1.0.4
   Compiling icu_normalizer_data v2.3.0
   Compiling semver v1.0.28
   Compiling futures-channel v0.3.34
   Compiling bitflags v2.13.2
   Compiling zstd-safe v7.3.0
   Compiling slab v0.4.12
   Compiling phf_shared v0.12.1
   Compiling futures-io v0.3.34
   Compiling parking_lot_core v0.9.12
   Compiling futures-task v0.3.34
   Compiling ahash v0.8.12
   Compiling crc32fast v1.5.2
   Compiling base64 v0.23.1
   Compiling ryu v1.0.23
   Compiling unicode-segmentation v1.13.3
   Compiling scopeguard v1.2.0
   Compiling unicode-width v0.2.2
   Compiling simd-adler32 v0.3.10
   Compiling phf v0.12.1
   Compiling adler2 v2.0.1
   Compiling regex-syntax v0.8.11
   Compiling rustc_version v0.4.1
   Compiling num-traits v0.2.19
   Compiling lock_api v0.4.14
   Compiling hashbrown v0.17.1
   Compiling twox-hash v2.1.4
   Compiling thiserror v2.0.20
   Compiling lexical-parse-integer v1.0.6
   Compiling lexical-write-integer v1.0.6
   Compiling percent-encoding v2.3.2
   Compiling getrandom v0.4.3
   Compiling miniz_oxide v0.9.1
   Compiling either v1.18.0
   Compiling zlib-rs v0.6.8
   Compiling alloc-no-stdlib v2.0.4
   Compiling aho-corasick v1.1.5
   Compiling csv-core v0.1.13
   Compiling form_urlencoded v1.2.2
   Compiling lz4_flex v0.14.0
   Compiling tracing-core v0.1.36
   Compiling lexical-parse-float v1.0.6
   Compiling alloc-stdlib v0.2.4
   Compiling snap v1.1.2
   Compiling simdutf8 v0.1.5
   Compiling same-file v1.0.6
   Compiling log v0.4.34
   Compiling lexical-write-float v1.0.6
   Compiling flatbuffers v25.12.19
   Compiling comfy-table v7.2.2
   Compiling itertools v0.14.0
   Compiling walkdir v2.5.0
   Compiling brotli-decompressor v5.0.3
   Compiling http v1.5.0
   Compiling humantime v2.4.0
   Compiling seq-macro v0.3.6
   Compiling itertools v0.15.0
   Compiling syn v3.0.5
   Compiling syn v2.0.119
   Compiling typenum v1.20.1
   Compiling lexical-core v1.0.6
   Compiling generic-array v0.14.7
   Compiling datafusion-doc v55.1.0
   Compiling foldhash v0.1.5
   Compiling rustix v1.1.4
   Compiling jobserver v0.1.35
   Compiling indexmap v2.14.2
   Compiling crossbeam-utils v0.8.23
   Compiling hashbrown v0.15.5
   Compiling linux-raw-sys v0.12.1
   Compiling fixedbitset v0.5.7
   Compiling const-oid v0.10.2
   Compiling cc v1.4.6
   Compiling rand_core v0.9.5
   Compiling uuid v1.26.1
   Compiling brotli v8.0.4
   Compiling fastrand v2.5.0
   Compiling hashbrown v0.14.5
   Compiling subtle v2.6.1
   Compiling parking_lot v0.12.5
   Compiling cpufeatures v0.3.1
   Compiling constant_time_eq v0.4.2
   Compiling arrayvec v0.7.8
   Compiling hex v0.4.3
   Compiling zstd-safe v8.0.0
   Compiling libbz2-rs-sys v0.2.5
   Compiling compression-core v0.4.33
   Compiling glob v0.3.4
   Compiling bigdecimal v0.4.10
   Compiling hybrid-array v0.4.15
   Compiling num-integer v0.1.47
   Compiling chrono v0.4.45
   Compiling num-complex v0.4.6
   Compiling atoi v2.0.0
   Compiling petgraph v0.8.3
   Compiling dashmap v6.2.1
   Compiling bzip2 v0.6.1
   Compiling num-bigint v0.5.1
   Compiling regex-automata v0.4.18
   Compiling crypto-common v0.2.2
   Compiling block-buffer v0.12.1
   Compiling num-bigint v0.4.8
   Compiling crypto-common v0.1.7
   Compiling block-buffer v0.10.4
   Compiling digest v0.10.7
   Compiling zstd-sys v2.1.0+zstd.1.5.7
   Compiling stacker v0.1.25
   Compiling blake3 v1.8.7
   Compiling flate2 v1.1.10
   Compiling blake2 v0.10.6
   Compiling liblzma-sys v0.4.9
warning: zstd-sys@2.1.0+zstd.1.5.7: Compiler family detection failed due to error: ToolNotFound: failed to find tool "x86_64-linux-musl-gcc": No such file or directory (os error 2)
warning: zstd-sys@2.1.0+zstd.1.5.7: Compiler family detection failed due to error: ToolNotFound: failed to find tool "x86_64-linux-musl-gcc": No such file or directory (os error 2)
warning: zstd-sys@2.1.0+zstd.1.5.7: Compiler family detection failed due to error: ToolNotFound: failed to find tool "x86_64-linux-musl-gcc": No such file or directory (os error 2)
warning: zstd-sys@2.1.0+zstd.1.5.7: Compiler family detection failed due to error: ToolNotFound: failed to find tool "x86_64-linux-musl-gcc": No such file or directory (os error 2)
error: failed to run custom build command for `zstd-sys v2.1.0+zstd.1.5.7`

Caused by:
  process didn't exit successfully: `/home/pepe/scratch/burrmill-footprint/B/target-musl/release/build/zstd-sys-19f50adbd7b287c3/build-script-build` (exit status: 1)
  --- stdout
  cargo:rerun-if-env-changed=ZSTD_SYS_USE_PKG_CONFIG
  cargo:rerun-if-env-changed=CC_FORCE_DISABLE
  CC_FORCE_DISABLE = None
  cargo:rerun-if-env-changed=CC_x86_64-unknown-linux-musl
  CC_x86_64-unknown-linux-musl = None
  cargo:rerun-if-env-changed=CC_x86_64_unknown_linux_musl
  CC_x86_64_unknown_linux_musl = None
  cargo:rerun-if-env-changed=TARGET_CC
  TARGET_CC = None
  cargo:rerun-if-env-changed=CC
  CC = None
  cargo:rerun-if-env-changed=CROSS_COMPILE
  CROSS_COMPILE = None
  PATH = Some(/home/pepe/.cargo/bin:/usr/local/bin:/usr/bin:/bin:/usr/games)
  cargo:rerun-if-env-changed=CC_ENABLE_DEBUG_OUTPUT
  cargo:warning=Compiler family detection failed due to error: ToolNotFound: failed to find tool "x86_64-linux-musl-gcc": No such file or directory (os error 2)
  cargo:rerun-if-env-changed=CRATE_CC_NO_DEFAULTS
  CRATE_CC_NO_DEFAULTS = None
  cargo:rerun-if-env-changed=CFLAGS
  CFLAGS = None
  cargo:rerun-if-env-changed=TARGET_CFLAGS
  TARGET_CFLAGS = None
  cargo:rerun-if-env-changed=CFLAGS_x86_64_unknown_linux_musl
  CFLAGS_x86_64_unknown_linux_musl = None
  cargo:rerun-if-env-changed=CFLAGS_x86_64-unknown-linux-musl
  CFLAGS_x86_64-unknown-linux-musl = None
  cargo:rerun-if-env-changed=CC_ENABLE_DEBUG_OUTPUT
  cargo:warning=Compiler family detection failed due to error: ToolNotFound: failed to find tool "x86_64-linux-musl-gcc": No such file or directory (os error 2)
  cargo:rerun-if-env-changed=CRATE_CC_NO_DEFAULTS
  CRATE_CC_NO_DEFAULTS = None
  cargo:rerun-if-env-changed=CFLAGS
  CFLAGS = None
  cargo:rerun-if-env-changed=TARGET_CFLAGS
  TARGET_CFLAGS = None
  cargo:rerun-if-env-changed=CFLAGS_x86_64_unknown_linux_musl
  CFLAGS_x86_64_unknown_linux_musl = None
  cargo:rerun-if-env-changed=CFLAGS_x86_64-unknown-linux-musl
  CFLAGS_x86_64-unknown-linux-musl = None
  cargo:rerun-if-env-changed=CC_ENABLE_DEBUG_OUTPUT
  cargo:warning=Compiler family detection failed due to error: ToolNotFound: failed to find tool "x86_64-linux-musl-gcc": No such file or directory (os error 2)
  cargo:rerun-if-env-changed=CRATE_CC_NO_DEFAULTS
  CRATE_CC_NO_DEFAULTS = None
  cargo:rerun-if-env-changed=CFLAGS
  CFLAGS = None
  cargo:rerun-if-env-changed=TARGET_CFLAGS
  TARGET_CFLAGS = None
  cargo:rerun-if-env-changed=CFLAGS_x86_64_unknown_linux_musl
  CFLAGS_x86_64_unknown_linux_musl = None
  cargo:rerun-if-env-changed=CFLAGS_x86_64-unknown-linux-musl
  CFLAGS_x86_64-unknown-linux-musl = None
  cargo:rerun-if-env-changed=CC_ENABLE_DEBUG_OUTPUT
  cargo:warning=Compiler family detection failed due to error: ToolNotFound: failed to find tool "x86_64-linux-musl-gcc": No such file or directory (os error 2)
  cargo:rerun-if-env-changed=CRATE_CC_NO_DEFAULTS
  CRATE_CC_NO_DEFAULTS = None
  cargo:rerun-if-env-changed=CFLAGS
  CFLAGS = None
  cargo:rerun-if-env-changed=TARGET_CFLAGS
  TARGET_CFLAGS = None
  cargo:rerun-if-env-changed=CFLAGS_x86_64_unknown_linux_musl
  CFLAGS_x86_64_unknown_linux_musl = None
  cargo:rerun-if-env-changed=CFLAGS_x86_64-unknown-linux-musl
  CFLAGS_x86_64-unknown-linux-musl = None

  --- stderr


  error occurred in cc-rs: failed to find tool "x86_64-linux-musl-gcc": No such file or directory (os error 2)


warning: build failed, waiting for other jobs to finish...
### wasm_check: cargo check --target wasm32-unknown-unknown -j32
   Compiling unicode-ident v1.0.24
   Compiling proc-macro2 v1.0.107
   Compiling quote v1.0.47
   Compiling libc v0.2.189
    Checking cfg-if v1.0.5
   Compiling find-msvc-tools v0.1.12
   Compiling shlex v2.0.1
    Checking memchr v2.8.3
   Compiling autocfg v1.5.1
   Compiling libm v0.2.16
    Checking once_cell v1.21.4
   Compiling version_check v0.9.5
   Compiling zerocopy v0.8.57
    Checking bytes v1.12.1
    Checking allocator-api2 v0.2.21
   Compiling serde_core v1.0.229
   Compiling crunchy v0.2.4
    Checking equivalent v1.0.2
   Compiling pkg-config v0.3.34
    Checking foldhash v0.2.0
    Checking itoa v1.0.18
   Compiling zmij v1.0.23
   Compiling tiny-keccak v2.0.2
   Compiling serde_json v1.0.151
    Checking siphasher v1.0.3
    Checking stable_deref_trait v1.2.1
   Compiling wasm-bindgen-shared v0.2.128
    Checking pin-project-lite v0.2.17
   Compiling chrono-tz v0.10.4
    Checking futures-core v0.3.34
    Checking futures-sink v0.3.34
   Compiling rustversion v1.0.23
    Checking futures-io v0.3.34
    Checking litemap v0.8.3
    Checking slab v0.4.12
    Checking smallvec v1.16.1
   Compiling bumpalo v3.20.3
    Checking lexical-util v1.0.7
    Checking futures-channel v0.3.34
    Checking futures-task v0.3.34
   Compiling object v0.39.1
    Checking writeable v0.6.4
   Compiling icu_properties_data v2.3.0
    Checking utf8_iter v1.0.4
   Compiling icu_normalizer_data v2.3.0
    Checking phf_shared v0.12.1
   Compiling semver v1.0.28
   Compiling crc32fast v1.5.2
   Compiling parking_lot_core v0.9.12
   Compiling zstd-safe v7.3.0
    Checking unicode-width v0.2.2
    Checking unicode-segmentation v1.13.3
    Checking ryu v1.0.23
    Checking hashbrown v0.17.1
    Checking adler2 v2.0.1
    Checking scopeguard v1.2.0
    Checking phf v0.12.1
    Checking simd-adler32 v0.3.10
    Checking base64 v0.23.1
    Checking regex-syntax v0.8.11
   Compiling ahash v0.8.12
    Checking lock_api v0.4.14
    Checking aho-corasick v1.1.5
    Checking zlib-rs v0.6.8
    Checking percent-encoding v2.3.2
    Checking alloc-no-stdlib v2.0.4
   Compiling thiserror v2.0.20
    Checking twox-hash v2.1.4
   Compiling rustc_version v0.4.1
    Checking bitflags v2.13.2
    Checking miniz_oxide v0.9.1
    Checking either v1.18.0
    Checking lexical-write-integer v1.0.6
    Checking lexical-parse-integer v1.0.6
    Checking form_urlencoded v1.2.2
    Checking lz4_flex v0.14.0
    Checking alloc-stdlib v0.2.4
    Checking csv-core v0.1.13
    Checking tracing-core v0.1.36
    Checking same-file v1.0.6
    Checking simdutf8 v0.1.5
   Compiling snap v1.1.2
    Checking http v1.5.0
    Checking log v0.4.34
    Checking parking_lot v0.12.5
    Checking humantime v2.4.0
    Checking brotli-decompressor v5.0.3
    Checking walkdir v2.5.0
   Compiling num-traits v0.2.19
   Compiling seq-macro v0.3.6
    Checking itertools v0.14.0
    Checking lexical-parse-float v1.0.6
    Checking itertools v0.15.0
    Checking comfy-table v7.2.2
    Checking typenum v1.20.1
   Compiling getrandom v0.3.4
   Compiling generic-array v0.14.7
    Checking lexical-write-float v1.0.6
    Checking datafusion-doc v55.1.0
    Checking foldhash v0.1.5
   Compiling crossbeam-utils v0.8.23
    Checking fixedbitset v0.5.7
    Checking fastrand v2.5.0
    Checking const-oid v0.10.2
    Checking hashbrown v0.15.5
    Checking hashbrown v0.14.5
    Checking subtle v2.6.1
   Compiling flatbuffers v25.12.19
    Checking arrayvec v0.7.8
    Checking constant_time_eq v0.4.2
    Checking hex v0.4.3
   Compiling zstd-safe v8.0.0
    Checking libbz2-rs-sys v0.2.5
    Checking lexical-core v1.0.6
    Checking tempfile v3.27.0
    Checking indexmap v2.14.2
   Compiling syn v3.0.5
   Compiling syn v2.0.119
error: The wasm32-unknown-unknown targets are not supported by default; you may need to enable the "wasm_js" configuration flag. Note that enabling the `wasm_js` feature flag alone is insufficient. For more information see: https://docs.rs/getrandom/0.3.4/#webassembly-support
   --> /home/pepe/.cargo/registry/src/index.crates.io-1949cf8c6b5b557f/getrandom-0.3.4/src/backends.rs:194:17
    |
194 | /                 compile_error!(concat!(
195 | |                     "The wasm32-unknown-unknown targets are not supported by default; \
196 | |                     you may need to enable the \"wasm_js\" configuration flag. Note \
197 | |                     that enabling the `wasm_js` feature flag alone is insufficient. \
198 | |                     For more information see: \
199 | |                     https://docs.rs/getrandom/", env!("CARGO_PKG_VERSION"), "/#webassembly-support"
200 | |                 ));
    | |__________________^

    Checking compression-core v0.4.33
    Checking glob v0.3.4
   Compiling bigdecimal v0.4.10
error: could not compile `getrandom` (lib) due to 1 previous error
warning: build failed, waiting for other jobs to finish...
